1507
BUS;2_2942;48042024;-1696123;Collège Pôle Sud;collegepolesud;Chartres-de-Bretagne;
BUS;2_1420;48113672;-1712590;Atalante Champeaux;atalantechampeaux;Rennes;
BUS;2_1421;48114701;-1715622;Chambre Agriculture;chambreagriculture;Rennes;
BUS;2_1422;48116286;-1711464;Merlin;merlin;Rennes;
BUS;2_1423;48118530;-1708110;Villejean-Churchill;villejeanchurchill;Rennes;
BUS;2_1424;48121279;-1707884;Cours Kennedy;courskennedy;Rennes;
BUS;2_1425;48127978;-1682521;Trois Croix;troiscroix;Rennes;
BUS;2_1426;48132073;-1672690;Bellangerais;bellangerais;Rennes;
BUS;2_1427;48136420;-1663312;Hélias;helias;Rennes;
BUS;2_1428;48134485;-1658670;Hôtel de Région;hotelderegion;Rennes;
BUS;2_1429;48127668;-1650987;Joliot-Curie;joliotcurie;Rennes;
BUS;2_1410;48136487;-1662537;Hélias;helias;Rennes;
BUS;2_1411;48132164;-1672900;Bellangerais;bellangerais;Rennes;
BUS;2_1414;48116385;-1712159;Merlin;merlin;Rennes;
BUS;2_1415;48114863;-1713006;Chambre Agriculture;chambreagriculture;Rennes;
BUS;2_1412;48121341;-1707771;Cours Kennedy;courskennedy;Rennes;
BUS;2_1413;48118588;-1708020;Villejean-Churchill;villejeanchurchill;Rennes;
BUS;2_1418;48109276;-1710259;Géniaux;geniaux;Rennes;
BUS;2_1419;48111162;-1712918;Les Arts;lesarts;Rennes;
BUS;2_1416;48113511;-1714366;Atalante Champeaux;atalantechampeaux;Rennes;
BUS;2_1417;48111459;-1713389;Les Arts;lesarts;Rennes;
BUS;2_1451;48086834;-1691273;Lycée Bréquigny;lyceebrequigny;Rennes;
BUS;2_1450;48086658;-1688371;Coubertin;coubertin;Rennes;
BUS;2_1445;48093173;-1674606;Clemenceau;clemenceau;Rennes;
BUS;2_1446;48090393;-1674911;Argonautes;argonautes;Rennes;
BUS;2_1447;48087315;-1675016;Henri Fréville;henrifreville;Rennes;
BUS;2_1448;48081358;-1679749;Alma;alma;Rennes;
BUS;2_1441;48086062;-1660940;Triangle;triangle;Rennes;
BUS;2_1442;48091593;-1667402;Binquenais;binquenais;Rennes;
BUS;2_1443;48091587;-1662329;Binquenais Collège;binquenaiscollege;Rennes;
BUS;2_1444;48093559;-1669648;Combes;combes;Rennes;
BUS;2_1449;48086823;-1683075;Norvège;norvege;Rennes;
BUS;2_1440;48087730;-1653849;Le Blosne;leblosne;Rennes;
BUS;2_1436;48103631;-1649759;Cimetière de l'Est;cimetieredelest;Rennes;
BUS;2_1437;48100765;-1649802;Villebois-Mareuil;villeboismareuil;Rennes;
BUS;2_1434;48109366;-1655190;Pont de Strasbourg;pontdestrasbourg;Rennes;
BUS;2_1435;48105696;-1650654;Chardonnet;chardonnet;Rennes;
BUS;2_1432;48118769;-1649907;Vitré Foulon;vitrefoulon;Rennes;
BUS;2_1433;48113583;-1656598;Durafour Strasbourg;durafourstrasbourg;Rennes;
BUS;2_1430;48123658;-1659398;Painlevé;painleve;Rennes;
BUS;2_1431;48119490;-1651034;Vitré Péguy;vitrepeguy;Rennes;
BUS;2_1438;48099222;-1652850;Le Dantec;ledantec;Rennes;
BUS;2_1439;48098261;-1655167;Bourgeois;bourgeois;Rennes;
BUS;2_3248;47962637;-1685004;ZA L'Hermitière;zalhermitiere;Orgères;
BUS;2_2112;48130753;-1622928;Chêne Germain;chenegermain;Cesson-Sévigné;
BUS;2_3245;47964348;-1681717;L'hermitière Village;lhermitierevillage;Orgères;
BUS;2_2115;48137350;-1622750;Château de Vaux;chateaudevaux;Cesson-Sévigné;
BUS;2_3246;48002386;-1668891;Parking scolaire Récipon;parkingscolairerecipon;Orgères;
BUS;2_2114;48137379;-1622408;Château de Vaux;chateaudevaux;Cesson-Sévigné;
BUS;2_2116;48134882;-1620684;Champs Blancs;champsblancs;Cesson-Sévigné;
BUS;2_3249;48014927;-1663968;Orgerblon;orgerblon;Orgères;
BUS;2_3250;48014928;-1663837;Orgerblon;orgerblon;Orgères;
BUS;2_2104;48114918;-1590425;Haut Grippé;hautgrippe;Cesson-Sévigné;
BUS;2_2103;48113348;-1590016;Rigourdière;rigourdiere;Cesson-Sévigné;
BUS;2_2102;48106169;-1625898;Erbonière;erboniere;Cesson-Sévigné;
BUS;2_2101;48131726;-1597901;Saint-Etienne;saintetienne;Cesson-Sévigné;
BUS;2_2106;48116039;-1582351;Champelé;champele;Cesson-Sévigné;
BUS;2_2105;48131053;-1624624;Chêne Germain;chenegermain;Cesson-Sévigné;
BUS;2_1203;48122033;-1639599;Beaulieu Restau. U.;beaulieurestauu;Rennes;
BUS;2_1204;48119476;-1635390;Beaulieu INSA;beaulieuinsa;Rennes;
BUS;2_1205;48097120;-1629230;Veyettes;veyettes;Rennes;
BUS;2_1206;48100157;-1631541;Tremblaie;tremblaie;Rennes;
BUS;2_1200;48116827;-1656386;Jeanne d'Arc;jeannedarc;Rennes;
BUS;2_1201;48119112;-1649197;Vitré Foulon;vitrefoulon;Rennes;
BUS;2_1202;48120620;-1644335;Beaulieu Cité U.;beaulieuciteu;Rennes;
BUS;2_1207;48103490;-1634592;Pré Garel;pregarel;Rennes;
BUS;2_1208;48104116;-1637689;Saint-Saëns;saintsaens;Rennes;
BUS;2_1209;48105008;-1644564;Pavie;pavie;Rennes;
BUS;2_1409;48126870;-1653165;Joliot-Curie;joliotcurie;Rennes;
BUS;2_1406;48130740;-1656509;Gast;gast;Rennes;
BUS;2_1405;48128344;-1657146;Europe;europe;Rennes;
BUS;2_1408;48119714;-1651296;Vitré Péguy;vitrepeguy;Rennes;
BUS;2_1407;48133058;-1656700;Longs Prés;longspres;Rennes;
BUS;2_1402;48105580;-1685179;Cité Judiciaire;citejudiciaire;Rennes;
BUS;2_1401;48105621;-1687766;Inkermann;inkermann;Rennes;
BUS;2_1404;48126767;-1658501;Trégain;tregain;Rennes;
BUS;2_1403;48125226;-1661004;Saint-Exupéry;saintexupery;Rennes;
BUS;2_1400;48105412;-1689847;Mabilais;mabilais;Rennes;
BUS;2_1609;48114194;-1636481;Tournebride;tournebride;Rennes;
BUS;2_1608;48098331;-1708639;Collège Cleunay;collegecleunay;Rennes;
BUS;2_1606;48115631;-1676706;Hoche;hoche;Rennes;
BUS;2_1604;48113525;-1639564;Les Préales;lespreales;Rennes;
BUS;2_1603;48113363;-1639778;Les Préales;lespreales;Rennes;
BUS;2_3407;48042402;-1549825;Grée Barel;greebarel;Nouvoitou;
BUS;2_3408;48040424;-1541980;Chêne Centenaire;chenecentenaire;Nouvoitou;
BUS;2_3409;48041416;-1545250;Menault;menault;Nouvoitou;
BUS;2_1614;48121971;-1656488;Assomption;assomption;Rennes;
BUS;2_1615;48109802;-1678283;République;republique;Rennes;
BUS;2_3001;48085070;-1610349;Gériatrie;geriatrie;Chantepie;
BUS;2_3002;48085726;-1614079;Deux Ruisseaux;deuxruisseaux;Chantepie;
BUS;2_3401;48041399;-1553367;Parc des Sports;parcdessports;Nouvoitou;
BUS;2_3402;48040658;-1550158;Langlois;langlois;Nouvoitou;
BUS;2_3403;48040218;-1541949;Chêne Centenaire;chenecentenaire;Nouvoitou;
BUS;2_1612;48103539;-1688429;Saint-Conwoïon;saintconwoion;Rennes;
BUS;2_3404;48041277;-1544634;Menault;menault;Nouvoitou;
BUS;2_1613;48103012;-1688808;Saint-Conwoïon;saintconwoion;Rennes;
BUS;2_3405;48044532;-1561622;Eclosel;eclosel;Nouvoitou;
BUS;2_3210;47995021;-1670756;Coteau;coteau;Orgères;
BUS;2_1610;48114018;-1636141;Tournebride;tournebride;Rennes;
BUS;2_3406;48044457;-1561467;Eclosel;eclosel;Nouvoitou;
BUS;2_3211;47997302;-1668503;Groupe Scolaire;groupescolaire;Orgères;
BUS;2_1611;48105462;-1688421;Inkermann;inkermann;Rennes;
BUS;2_3202;47975356;-1651317;Frogerais;frogerais;Orgères;
BUS;2_3201;47969785;-1646062;Fort Joual;fortjoual;Orgères;
BUS;2_3204;47983269;-1660002;Télégraphe;telegraphe;Orgères;
BUS;2_3203;47976257;-1657465;Petite Rochelle;petiterochelle;Orgères;
BUS;2_3206;47975430;-1652398;Frogerais;frogerais;Orgères;
BUS;2_3205;47976117;-1657144;Petite Rochelle;petiterochelle;Orgères;
BUS;2_3208;47993950;-1665495;Chateaubriand;chateaubriand;Orgères;
BUS;2_3207;47969653;-1645769;Fort Joual;fortjoual;Orgères;
BUS;2_2750;48039250;-1680446;Monts Gaultier;montsgaultier;Noyal-Châtillon-sur-Seiche;
BUS;2_3209;47992496;-1668738;Surcouf;surcouf;Orgères;
BUS;2_2751;48039354;-1680105;Monts Gaultier;montsgaultier;Noyal-Châtillon-sur-Seiche;
BUS;2_3012;48088281;-1612365;Bourgogne;bourgogne;Chantepie;
BUS;2_3013;48085864;-1614696;Deux Ruisseaux;deuxruisseaux;Chantepie;
BUS;2_3010;48088157;-1616915;Chantepie Eglise;chantepieeglise;Chantepie;
BUS;2_3011;48090437;-1615324;Hallouvry;hallouvry;Chantepie;
BUS;2_2749;48055903;-1701130;Touche Tizon;touchetizon;Noyal-Châtillon-sur-Seiche;
BUS;2_3006;48088799;-1620549;Chantepie Mairie;chantepiemairie;Chantepie;
BUS;2_3005;48088221;-1616907;Chantepie Eglise;chantepieeglise;Chantepie;
BUS;2_3004;48090344;-1615868;Hallouvry;hallouvry;Chantepie;
BUS;2_3003;48089118;-1612639;Bourgogne;bourgogne;Chantepie;
BUS;2_3009;48088413;-1619117;Chantepie Mairie;chantepiemairie;Chantepie;
BUS;2_3008;48090372;-1624104;Loges;loges;Chantepie;
BUS;2_3007;48090408;-1623879;Loges;loges;Chantepie;
BUS;2_3021;48084611;-1627556;Rocade Sud;rocadesud;Chantepie;
BUS;2_3022;48091040;-1615283;Hallouvry;hallouvry;Chantepie;
BUS;2_3023;48092569;-1612914;IDEFS;idefs;Chantepie;
BUS;2_3024;48076924;-1631860;Martinière;martiniere;Chantepie;
BUS;2_3020;48080668;-1630641;Val Blanc;valblanc;Chantepie;
BUS;2_4009;48136866;-1548606;Pont d'Ohin;pontdohin;Acigné;
BUS;2_4008;48139086;-1559476;Boulais;boulais;Acigné;
BUS;2_4005;48133984;-1540457;Lande;lande;Acigné;
BUS;2_4004;48133913;-1537769;Foyer;foyer;Acigné;
BUS;2_4007;48139059;-1558787;Boulais;boulais;Acigné;
BUS;2_4006;48137198;-1549564;Pont d'Ohin;pontdohin;Acigné;
BUS;2_4011;48133882;-1537629;Foyer;foyer;Acigné;
BUS;2_4012;48134170;-1534718;Acigné Mairie;acignemairie;Acigné;
BUS;2_4013;48137163;-1532945;Verdaudais;verdaudais;Acigné;
BUS;2_4010;48134483;-1541925;Lande;lande;Acigné;
BUS;2_3225;47962608;-1684893;ZA L'Hermitière;zalhermitiere;Orgères;
BUS;2_3019;48080491;-1630800;Val Blanc;valblanc;Chantepie;
BUS;2_3018;48085465;-1627160;Rocade Sud;rocadesud;Chantepie;
BUS;2_3015;48098130;-1622960;Breillou;breillou;Chantepie;
BUS;2_3014;48098284;-1622792;Breillou;breillou;Chantepie;
BUS;2_3017;48092531;-1612951;IDEFS;idefs;Chantepie;
BUS;2_3016;48093570;-1607606;Cucé;cuce;Chantepie;
BUS;2_3032;48085172;-1610748;Gériatrie;geriatrie;Chantepie;
BUS;2_3418;48021833;-1547250;Le Tertronais;letertronais;Nouvoitou;
BUS;2_3419;48028990;-1551439;L'Ourmais;lourmais;Nouvoitou;
BUS;2_3416;48011952;-1545877;Le Petit Beauvais;lepetitbeauvais;Nouvoitou;
BUS;2_3221;47993726;-1665247;Chateaubriand;chateaubriand;Orgères;
BUS;2_3417;48015097;-1539618;Epron;epron;Nouvoitou;
BUS;2_3414;48013183;-1570634;La Jaunais;lajaunais;Saint-Armel;
BUS;2_3415;48012600;-1557325;La Jaille;lajaille;Saint-Armel;
BUS;2_3220;47992250;-1667897;Surcouf;surcouf;Orgères;
BUS;2_3412;48029304;-1564260;La Croix de l'Epine;lacroixdelepine;Nouvoitou;
BUS;2_3413;48024052;-1573239;La Drouais;ladrouais;Nouvoitou;
BUS;2_3410;48040907;-1549777;Langlois;langlois;Nouvoitou;
BUS;2_3411;48031030;-1559262;Crotigné;crotigne;Nouvoitou;
BUS;2_3219;47994941;-1670902;Coteau;coteau;Orgères;
BUS;2_3218;47996894;-1669005;Groupe Scolaire;groupescolaire;Orgères;
BUS;2_3217;48000451;-1667062;Levant;levant;Orgères;
BUS;2_3216;48009133;-1666374;Plardière;plardiere;Orgères;
BUS;2_3213;48009079;-1666350;Plardière;plardiere;Orgères;
BUS;2_3212;48000740;-1666819;Levant;levant;Orgères;
BUS;2_3029;48085733;-1607474;Touche Annette;toucheannette;Chantepie;
BUS;2_3028;48085766;-1604087;Rosa Parks;rosaparks;Chantepie;
BUS;2_3027;48085761;-1608136;Touche Annette;toucheannette;Chantepie;
BUS;2_3025;48076775;-1631766;Martinière;martiniere;Chantepie;
BUS;2_2516;48101776;-1794919;Bouleaux;bouleaux;Le Rheu;
BUS;2_2517;48099395;-1796708;Brassens;brassens;Le Rheu;
BUS;2_2518;48099274;-1802094;Champs Freslons;champsfreslons;Le Rheu;
BUS;2_2519;48100845;-1806907;Lycée Monod;lyceemonod;Le Rheu;
BUS;2_2909;48036817;-1712477;Taillebois;taillebois;Chartres-de-Bretagne;
BUS;2_2510;48103867;-1750437;Plessix Saucourt;plessixsaucourt;Le Rheu;
BUS;2_2511;48103641;-1751130;Plessix Saucourt;plessixsaucourt;Le Rheu;
BUS;2_2512;48096234;-1764648;Pont d'Avoine;pontdavoine;Le Rheu;
BUS;2_2513;48096975;-1775952;Les Pins;lespins;Le Rheu;
BUS;2_2514;48097636;-1781435;Barberais;barberais;Le Rheu;
BUS;2_2515;48099245;-1790651;Genêts;genets;Le Rheu;
BUS;2_2902;48047863;-1713521;Croix aux Potiers;croixauxpotiers;Chartres-de-Bretagne;
BUS;2_2901;48046759;-1710615;Croix aux Potiers;croixauxpotiers;Chartres-de-Bretagne;
BUS;2_2904;48036945;-1712434;Taillebois;taillebois;Chartres-de-Bretagne;
BUS;2_2903;48033253;-1711649;Chaussairie;chaussairie;Chartres-de-Bretagne;
BUS;2_2906;48045932;-1710176;Croix aux Potiers;croixauxpotiers;Chartres-de-Bretagne;
BUS;2_2711;48056587;-1663828;Croix Fleurie;croixfleurie;Noyal-Châtillon-sur-Seiche;
BUS;2_2905;48042260;-1712088;Callouët;callouet;Chartres-de-Bretagne;
BUS;2_2710;48047114;-1661083;Petite Saudrais;petitesaudrais;Noyal-Châtillon-sur-Seiche;
BUS;2_2908;48041407;-1712456;Callouët;callouet;Chartres-de-Bretagne;
BUS;2_2713;48068356;-1665754;Petit Beaulieu;petitbeaulieu;Noyal-Châtillon-sur-Seiche;
BUS;2_2907;48045660;-1710435;Croix aux Potiers;croixauxpotiers;Chartres-de-Bretagne;
BUS;2_2712;48063666;-1663766;Mail Lancé;maillance;Noyal-Châtillon-sur-Seiche;
BUS;2_2715;48078641;-1661227;Hil-Bintinais;hilbintinais;Noyal-Châtillon-sur-Seiche;
BUS;2_2714;48077193;-1661140;Hil-Bintinais;hilbintinais;Noyal-Châtillon-sur-Seiche;
BUS;2_2717;48063653;-1663859;Mail Lancé;maillance;Noyal-Châtillon-sur-Seiche;
BUS;2_2716;48068619;-1665952;Petit Beaulieu;petitbeaulieu;Noyal-Châtillon-sur-Seiche;
BUS;2_2719;48047067;-1661119;Petite Saudrais;petitesaudrais;Noyal-Châtillon-sur-Seiche;
BUS;2_2718;48055971;-1664136;Croix Fleurie;croixfleurie;Noyal-Châtillon-sur-Seiche;
BUS;2_2507;48097550;-1781333;Barberais;barberais;Le Rheu;
BUS;2_2508;48096875;-1775581;Les Pins;lespins;Le Rheu;
BUS;2_2505;48101630;-1794515;Bouleaux;bouleaux;Le Rheu;
BUS;2_2506;48099311;-1791249;Genêts;genets;Le Rheu;
BUS;2_2509;48096141;-1764720;Pont d'Avoine;pontdavoine;Le Rheu;
BUS;2_2503;48098951;-1801391;Champs Freslons;champsfreslons;Le Rheu;
BUS;2_2504;48098971;-1796938;Brassens;brassens;Le Rheu;
BUS;2_2501;48102447;-1832303;Noë Diolé;noediole;Le Rheu;
BUS;2_2502;48100552;-1806571;Lycée Monod;lyceemonod;Le Rheu;
BUS;2_2915;48041332;-1698320;Collège Pôle Sud;collegepolesud;Chartres-de-Bretagne;
BUS;2_2914;48036919;-1697082;Vieux Bourg;vieuxbourg;Chartres-de-Bretagne;
BUS;2_2913;48034659;-1699502;Cornouaille;cornouaille;Chartres-de-Bretagne;
BUS;2_2912;48035513;-1706325;Argoat;argoat;Chartres-de-Bretagne;
BUS;2_2919;48042292;-1707466;Chartres Centre;chartrescentre;Chartres-de-Bretagne;
BUS;2_2702;48068298;-1697635;Vallon;vallon;Noyal-Châtillon-sur-Seiche;
BUS;2_2918;48042013;-1711058;Callouët;callouet;Chartres-de-Bretagne;
BUS;2_2701;48058971;-1701077;Janais;janais;Noyal-Châtillon-sur-Seiche;
BUS;2_2917;48042303;-1706499;Chartres Centre;chartrescentre;Chartres-de-Bretagne;
BUS;2_2916;48041647;-1702622;Auditoire;auditoire;Chartres-de-Bretagne;
BUS;2_2706;48038417;-1670712;Molène;molene;Noyal-Châtillon-sur-Seiche;
BUS;2_2705;48028982;-1659808;Bray;bray;Noyal-Châtillon-sur-Seiche;
BUS;2_2704;48059377;-1701190;Janais;janais;Noyal-Châtillon-sur-Seiche;
BUS;2_4003;48134195;-1534912;Acigné Mairie;acignemairie;Acigné;
BUS;2_2911;48033194;-1707288;Parc de Loisirs;parcdeloisirs;Chartres-de-Bretagne;
BUS;2_4002;48136960;-1533049;Verdaudais;verdaudais;Acigné;
BUS;2_2709;48044096;-1661261;Salle Polyvalente;sallepolyvalente;Noyal-Châtillon-sur-Seiche;
BUS;2_4001;48137019;-1526375;Timonière;timoniere;Acigné;
BUS;2_2708;48042398;-1665655;Centre;centre;Noyal-Châtillon-sur-Seiche;
BUS;2_2707;48040802;-1671938;Potiers;potiers;Noyal-Châtillon-sur-Seiche;
BUS;2_2538;48102270;-1787379;Gaston Bardet;gastonbardet;Le Rheu;
BUS;2_2537;48102407;-1787350;Gaston Bardet;gastonbardet;Le Rheu;
BUS;2_2530;48078792;-1772156;Haut Plessis;hautplessis;Le Rheu;
BUS;2_2928;48031445;-1708867;Constant Mérel;constantmerel;Chartres-de-Bretagne;
BUS;2_2733;48034870;-1664090;Côteaux;coteaux;Noyal-Châtillon-sur-Seiche;
BUS;2_2927;48033171;-1707394;Parc de Loisirs;parcdeloisirs;Chartres-de-Bretagne;
BUS;2_2732;48038657;-1666803;Pont;pont;Noyal-Châtillon-sur-Seiche;
BUS;2_2734;48034398;-1663498;Côteaux;coteaux;Noyal-Châtillon-sur-Seiche;
BUS;2_2924;48035495;-1706109;Argoat;argoat;Chartres-de-Bretagne;
BUS;2_2923;48034702;-1699775;Cornouaille;cornouaille;Chartres-de-Bretagne;
BUS;2_2926;48041672;-1696133;Collège Pôle Sud;collegepolesud;Chartres-de-Bretagne;
BUS;2_2731;48042944;-1665972;Centre;centre;Noyal-Châtillon-sur-Seiche;
BUS;2_2925;48033092;-1711621;Chaussairie;chaussairie;Chartres-de-Bretagne;
BUS;2_2730;48046240;-1664703;Croix de Pierre;croixdepierre;Noyal-Châtillon-sur-Seiche;
BUS;2_2920;48041582;-1702882;Auditoire;auditoire;Chartres-de-Bretagne;
BUS;2_4712;47974815;-1691359;Estuaires;estuaires;Laillé;
BUS;2_2922;48037052;-1697134;Vieux Bourg;vieuxbourg;Chartres-de-Bretagne;
BUS;2_2921;48041255;-1697762;Collège Pôle Sud;collegepolesud;Chartres-de-Bretagne;
BUS;2_4711;47975393;-1691403;Estuaires;estuaires;Laillé;
BUS;2_4710;47979865;-1693152;Bout de Lande;boutdelande;Laillé;
BUS;2_2529;48080304;-1774445;Moigné;moigne;Le Rheu;
BUS;2_2525;48078460;-1771251;Haut Plessis;hautplessis;Le Rheu;
BUS;2_2526;48080349;-1774449;Moigné;moigne;Le Rheu;
BUS;2_2523;48094071;-1773980;Mahomat;mahomat;Le Rheu;
BUS;2_2524;48091347;-1785575;Gerhoui;gerhoui;Le Rheu;
BUS;2_2521;48091023;-1786892;Gerhoui;gerhoui;Le Rheu;
BUS;2_2522;48094017;-1773989;Mahomat;mahomat;Le Rheu;
BUS;2_2520;48102444;-1831051;Noë Diolé;noediole;Le Rheu;
BUS;2_2724;48028640;-1659792;Bray;bray;Noyal-Châtillon-sur-Seiche;
BUS;2_2723;48038398;-1670628;Molène;molene;Noyal-Châtillon-sur-Seiche;
BUS;2_2722;48040771;-1672120;Potiers;potiers;Noyal-Châtillon-sur-Seiche;
BUS;2_4709;47979925;-1693072;Bout de Lande;boutdelande;Laillé;
BUS;2_2721;48042446;-1665579;Centre;centre;Noyal-Châtillon-sur-Seiche;
BUS;2_4708;47980092;-1730909;Gingouillère;gingouillere;Laillé;
BUS;2_2720;48044083;-1661354;Salle Polyvalente;sallepolyvalente;Noyal-Châtillon-sur-Seiche;
BUS;2_4707;47979287;-1724331;Châtaigneraie;chataigneraie;Laillé;
BUS;2_4706;47979190;-1724314;Châtaigneraie;chataigneraie;Laillé;
BUS;2_4705;47977983;-1719683;Laillé Eglise;lailleeglise;Laillé;
BUS;2_4704;47978117;-1720410;Laillé Eglise;lailleeglise;Laillé;
BUS;2_4703;47975507;-1717174;Orée du Bois;oreedubois;Laillé;
BUS;2_4702;47975432;-1717110;Orée du Bois;oreedubois;Laillé;
BUS;2_4701;47978606;-1712987;Point du Jour;pointdujour;Laillé;
BUS;2_2930;48031215;-1709196;Constant Mérel;constantmerel;Chartres-de-Bretagne;
BUS;2_2729;48046950;-1664752;Croix de Pierre;croixdepierre;Noyal-Châtillon-sur-Seiche;
BUS;2_4700;47978437;-1713688;Point du Jour;pointdujour;Laillé;
BUS;2_2728;48042631;-1666146;Centre;centre;Noyal-Châtillon-sur-Seiche;
BUS;2_2727;48038423;-1666568;Pont;pont;Noyal-Châtillon-sur-Seiche;
BUS;2_2726;48039646;-1676731;Guyomerais;guyomerais;Noyal-Châtillon-sur-Seiche;
BUS;2_2725;48039594;-1676471;Guyomerais;guyomerais;Noyal-Châtillon-sur-Seiche;
BUS;2_4602;48214314;-1629056;Fonderies;fonderies;Chevaigné;
BUS;2_3918;48007120;-1699129;Rue des Oiseaux;ruedesoiseaux;Pont-Péan;
BUS;2_1594;48121102;-1713424;Kennedy Guyenne;kennedyguyenne;Rennes;
BUS;2_4603;48210954;-1626023;Pommiers;pommiers;Chevaigné;
BUS;2_1593;48103428;-1712905;Cleunay;cleunay;Rennes;
BUS;2_4604;48210087;-1625874;Pommiers;pommiers;Chevaigné;
BUS;2_4605;48214424;-1628782;Fonderies;fonderies;Chevaigné;
BUS;2_1591;48098909;-1693679;Jules Verne;julesverne;Rennes;
BUS;2_3914;48010384;-1701027;Mouton Blanc;moutonblanc;Pont-Péan;
BUS;2_1590;48098899;-1693539;Jules Verne;julesverne;Rennes;
BUS;2_3913;48012963;-1703044;Chemin Vert;cheminvert;Pont-Péan;
BUS;2_4601;48211717;-1630460;Chevaigné Mairie;chevaignemairie;Chevaigné;
BUS;2_3915;48005532;-1698152;Caliorne;caliorne;Pont-Péan;
BUS;2_3910;48016942;-1705198;Fontaine Blanche;fontaineblanche;Pont-Péan;
BUS;2_3912;48010824;-1706468;Pont Péan Mairie;pontpeanmairie;Pont-Péan;
BUS;2_3911;48013671;-1707648;Rivaudière;rivaudiere;Pont-Péan;
BUS;2_2430;48176045;-1639552;Betton Rue de Rennes;bettonruederennes;Betton;
BUS;2_4606;48211932;-1630263;Chevaigné Mairie;chevaignemairie;Chevaigné;
BUS;2_4607;48207648;-1630803;Chevaigné Gare;chevaignegare;Chevaigné;
BUS;2_1179;48116984;-1655848;Jeanne d'Arc;jeannedarc;Rennes;
BUS;2_4608;48207870;-1630648;Chevaigné Gare;chevaignegare;Chevaigné;
BUS;2_1178;48120783;-1643864;Beaulieu Cité U.;beaulieuciteu;Rennes;
BUS;2_4609;48199175;-1627579;Chopinais;chopinais;Chevaigné;
BUS;2_1177;48121879;-1640286;Beaulieu Restau. U.;beaulieurestauu;Rennes;
BUS;2_3711;48154133;-1819939;Vigne;vigne;Saint-Gilles;
BUS;2_2425;48163814;-1625084;Tihouït;tihouit;Betton;
BUS;2_1186;48118532;-1688159;Anatole France;anatolefrance;Rennes;
BUS;2_3712;48150679;-1824796;Pont aux Moines;pontauxmoines;Saint-Gilles;
BUS;2_2424;48170985;-1622195;Champ Giron;champgiron;Betton;
BUS;2_1187;48114028;-1698258;Maison Diocésaine;maisondiocesaine;Rennes;
BUS;2_2427;48170405;-1622037;Champ Giron;champgiron;Betton;
BUS;2_1184;48117171;-1681589;Dinan;dinan;Rennes;
BUS;2_3714;48152493;-1829825;Saint-Gilles Centre;saintgillescentre;Saint-Gilles;
BUS;2_2426;48164163;-1624912;Tihouït;tihouit;Betton;
BUS;2_1185;48117679;-1684845;Legraverend;legraverend;Rennes;
BUS;2_2421;48179227;-1651206;Omblais;omblais;Betton;
BUS;2_1182;48116250;-1665058;George Sand;georgesand;Rennes;
BUS;2_2420;48180606;-1652137;Brocéliande;broceliande;Betton;
BUS;2_1183;48117355;-1678550;Hôtel Dieu;hoteldieu;Rennes;
BUS;2_2423;48175428;-1622895;Cour Neuve;courneuve;Betton;
BUS;2_1180;48116161;-1659329;Balzac;balzac;Rennes;
BUS;2_3710;48153564;-1810469;Fouaye;fouaye;Saint-Gilles;
BUS;2_2422;48182243;-1615985;Petite Hublais;petitehublais;Betton;
BUS;2_1181;48116194;-1662589;Musset Cité U.;mussetciteu;Rennes;
BUS;2_1588;48098019;-1703694;Jules Maniez;julesmaniez;Rennes;
BUS;2_1589;48097935;-1703985;Jules Maniez;julesmaniez;Rennes;
BUS;2_3715;48153744;-1834034;Clos des Cerisiers;closdescerisiers;Saint-Gilles;
BUS;2_2429;48182098;-1616215;Petite Hublais;petitehublais;Betton;
BUS;2_1586;48131541;-1694519;Beauregard;beauregard;Rennes;
BUS;2_2428;48175538;-1622864;Cour Neuve;courneuve;Betton;
BUS;2_1587;48105914;-1684405;Cité Judiciaire;citejudiciaire;Rennes;
BUS;2_3717;48153985;-1837600;Maison Neuve;maisonneuve;Saint-Gilles;
BUS;2_1584;48111765;-1702883;Marbeuf;marbeuf;Rennes;
BUS;2_1585;48088048;-1654349;Le Blosne;leblosne;Rennes;
BUS;2_4610;48199182;-1627647;Chopinais;chopinais;Chevaigné;
BUS;2_3924;47999911;-1696920;Bois Esnault;boisesnault;Pont-Péan;
BUS;2_4211;48052453;-1790500;Calvaire;calvaire;Chavagne;
BUS;2_2440;48178786;-1655548;Renaudais;renaudais;Betton;
BUS;2_2441;48184954;-1650000;Mézières;mezieres;Betton;
BUS;2_4210;48054738;-1790169;Alfred de Musset;alfreddemusset;Chavagne;
BUS;2_1189;48116032;-1705639;Languedoc;languedoc;Rennes;
BUS;2_1188;48114984;-1702086;La Salle;lasalle;Rennes;
BUS;2_4209;48054081;-1783709;Avenir;avenir;Chavagne;
BUS;2_3724;48153843;-1834041;Clos des Cerisiers;closdescerisiers;Saint-Gilles;
BUS;2_2438;48184986;-1650097;Mézières;mezieres;Betton;
BUS;2_1195;48117760;-1685004;Legraverend;legraverend;Rennes;
BUS;2_4208;48057761;-1776363;Grippay;grippay;Chavagne;
BUS;2_2437;48181572;-1639283;Betton Centre;bettoncentre;Betton;
BUS;2_1196;48117205;-1682319;Dinan;dinan;Rennes;
BUS;2_4207;48063395;-1772380;Mare Doux;maredoux;Chavagne;
BUS;2_2436;48175901;-1639539;Betton Rue de Rennes;bettonruederennes;Betton;
BUS;2_1197;48116402;-1673256;Sévigné;sevigne;Rennes;
BUS;2_4206;48063230;-1772432;Mare Doux;maredoux;Chavagne;
BUS;2_3723;48154060;-1837814;Maison Neuve;maisonneuve;Saint-Gilles;
BUS;2_2435;48183059;-1637217;Mozart;mozart;Betton;
BUS;2_1198;48116314;-1668887;George Sand;georgesand;Rennes;
BUS;2_4205;48058141;-1776316;Grippay;grippay;Chavagne;
BUS;2_2434;48186354;-1633193;J.-Sébastien Bach;jsebastienbach;Betton;
BUS;2_1191;48115573;-1704723;Languedoc;languedoc;Rennes;
BUS;2_4204;48053995;-1783849;Avenir;avenir;Chavagne;
BUS;2_2433;48190357;-1626077;Gentilhommière;gentilhommiere;Betton;
BUS;2_1192;48114890;-1701297;La Salle;lasalle;Rennes;
BUS;2_4203;48055097;-1790000;Alfred de Musset;alfreddemusset;Chavagne;
BUS;2_2432;48186330;-1633253;J.-Sébastien Bach;jsebastienbach;Betton;
BUS;2_1193;48113776;-1698021;Maison Diocésaine;maisondiocesaine;Rennes;
BUS;2_4202;48052012;-1790702;Calvaire;calvaire;Chavagne;
BUS;2_2431;48183059;-1637217;Mozart;mozart;Betton;
BUS;2_1194;48118210;-1687201;Anatole France;anatolefrance;Rennes;
BUS;2_1577;48086706;-1661041;Triangle;triangle;Rennes;
BUS;2_1190;48117406;-1708252;Villejean-Churchill;villejeanchurchill;Rennes;
BUS;2_1573;48097068;-1690298;Mermoz;mermoz;Rennes;
BUS;2_1574;48090795;-1661142;Binquenais Le Moine;binquenaislemoine;Rennes;
BUS;2_2439;48178692;-1655863;Renaudais;renaudais;Betton;
BUS;2_1576;48122832;-1713677;Villejean-Anjou;villejeananjou;Rennes;
BUS;2_1199;48116200;-1662900;Musset Cité U.;mussetciteu;Rennes;
BUS;2_2450;48189803;-1626150;Gentilhommière;gentilhommiere;Betton;
BUS;2_2451;48190855;-1629208;Gentilhommière;gentilhommiere;Betton;
BUS;2_2452;48175445;-1662388;Chaperonnais;chaperonnais;Betton;
BUS;2_2443;48178228;-1660612;Pont Brand;pontbrand;Betton;
BUS;2_2442;48178278;-1660712;Pont Brand;pontbrand;Betton;
BUS;2_3732;48149329;-1839024;Ile des Bois;iledesbois;Saint-Gilles;
BUS;2_2449;48183689;-1646411;Trégor;tregor;Betton;
BUS;2_2448;48183806;-1646421;Trégor;tregor;Betton;
BUS;2_2453;48175463;-1662268;Chaperonnais;chaperonnais;Betton;
BUS;2_1595;48105832;-1677300;Charles de Gaulle;charlesdegaulle;Rennes;
BUS;2_1596;48125860;-1668462;Clothilde Vautier;clothildevautier;Rennes;
BUS;2_3953;48217921;-1581422;Bourg;bourg;Saint-Sulpice-la-Forêt;
BUS;2_4264;48123068;-1865899;Place de la Mairie;placedelamairie;La Chapelle-Thouarault;
BUS;2_3954;48214792;-1586577;Terrain des Sports;terraindessports;Saint-Sulpice-la-Forêt;
BUS;2_4267;48122594;-1868365;Ville aux Archers;villeauxarchers;La Chapelle-Thouarault;
BUS;2_3955;48211691;-1590757;Tronchay;tronchay;Saint-Sulpice-la-Forêt;
BUS;2_3956;48199818;-1597543;Oliverie;oliverie;Saint-Sulpice-la-Forêt;
BUS;2_4456;48174382;-1846508;La Tour;latour;Clayes;
BUS;2_4455;48180918;-1844965;Terseul;terseul;Clayes;
BUS;2_3951;48225280;-1570373;Cropy;cropy;Saint-Sulpice-la-Forêt;
BUS;2_3952;48223221;-1576317;Chesnais;chesnais;Saint-Sulpice-la-Forêt;
BUS;2_3957;48197436;-1599452;Oliverie;oliverie;Saint-Sulpice-la-Forêt;
BUS;2_3958;48203204;-1595061;Lande Saint Denis;landesaintdenis;Saint-Sulpice-la-Forêt;
BUS;2_3959;48211797;-1590591;Tronchay;tronchay;Saint-Sulpice-la-Forêt;
BUS;2_4652;48105082;-1872710;Chêne Vert;chenevert;Cintré;
BUS;2_4257;48123088;-1860801;Rochers;rochers;La Chapelle-Thouarault;
BUS;2_4256;48122031;-1846280;Piardière;piardiere;La Chapelle-Thouarault;
BUS;2_4255;48121408;-1837741;Grippière;grippiere;La Chapelle-Thouarault;
BUS;2_4254;48121289;-1837582;Grippière;grippiere;La Chapelle-Thouarault;
BUS;2_4070;48183016;-1726385;Besneraie;besneraie;La Chapelle-des-Fougeretz;
BUS;2_3964;48203879;-1594634;Lande Saint Denis;landesaintdenis;Saint-Sulpice-la-Forêt;
BUS;2_4253;48121973;-1846154;Piardière;piardiere;La Chapelle-Thouarault;
BUS;2_4252;48123056;-1860734;Rochers;rochers;La Chapelle-Thouarault;
BUS;2_3962;48223152;-1576932;Chesnais;chesnais;Saint-Sulpice-la-Forêt;
BUS;2_3960;48214695;-1586743;Terrain des Sports;terraindessports;Saint-Sulpice-la-Forêt;
BUS;2_3961;48217732;-1581397;Bourg;bourg;Saint-Sulpice-la-Forêt;
BUS;2_4654;48103423;-1869448;Saint-Melaine;saintmelaine;Cintré;
BUS;2_4653;48103429;-1869529;Saint-Melaine;saintmelaine;Cintré;
BUS;2_4453;48176018;-1852548;Clayes Centre;clayescentre;Clayes;
BUS;2_4454;48180949;-1844860;Terseul;terseul;Clayes;
BUS;2_4451;48180862;-1850486;Clairville;clairville;Clayes;
BUS;2_4452;48181380;-1853473;Croix Simon;croixsimon;Clayes;
BUS;2_4060;48179421;-1729058;Métairie;metairie;La Chapelle-des-Fougeretz;
BUS;2_4062;48176764;-1722040;La Brosse;labrosse;La Chapelle-des-Fougeretz;
BUS;2_4067;48168976;-1742510;Quatre Vents;quatrevents;La Chapelle-des-Fougeretz;
BUS;2_4066;48168593;-1742982;Quatre Vents;quatrevents;La Chapelle-des-Fougeretz;
BUS;2_4069;48183128;-1726001;Besneraie;besneraie;La Chapelle-des-Fougeretz;
BUS;2_4059;48176636;-1732865;Mairie;mairie;La Chapelle-des-Fougeretz;
BUS;2_4054;48177109;-1732099;Mairie;mairie;La Chapelle-des-Fougeretz;
BUS;2_4053;48179494;-1729267;Métairie;metairie;La Chapelle-des-Fougeretz;
BUS;2_4058;48173952;-1735235;Viennais;viennais;La Chapelle-des-Fougeretz;
BUS;2_4057;48170395;-1736229;Sénestrais;senestrais;La Chapelle-des-Fougeretz;
BUS;2_4056;48170164;-1736154;Sénestrais;senestrais;La Chapelle-des-Fougeretz;
BUS;2_4055;48174093;-1735143;Viennais;viennais;La Chapelle-des-Fougeretz;
BUS;2_3707;48150707;-1825217;Pont aux Moines;pontauxmoines;Saint-Gilles;
BUS;2_3501;48157134;-1723299;Fougerolle;fougerolle;Montgermont;
BUS;2_3500;48163991;-1731704;Silandière;silandiere;Montgermont;
BUS;2_3705;48152972;-1829758;Saint-Gilles Centre;saintgillescentre;Saint-Gilles;
BUS;2_3505;48155311;-1710832;Belle Epine;belleepine;Montgermont;
BUS;2_3504;48157261;-1714466;Courtines;courtines;Montgermont;
BUS;2_3709;48152918;-1809077;Fouaye;fouaye;Saint-Gilles;
BUS;2_3503;48155740;-1716588;Montgermont Mairie;montgermontmairie;Montgermont;
BUS;2_3708;48152839;-1820710;Vigne;vigne;Saint-Gilles;
BUS;2_3502;48155657;-1720610;Pierre Texier;pierretexier;Montgermont;
BUS;2_3509;48152881;-1708857;Métrie;metrie;Montgermont;
BUS;2_3508;48148266;-1703637;Vizeule;vizeule;Montgermont;
BUS;2_3507;48148971;-1704050;Vizeule;vizeule;Montgermont;
BUS;2_4269;48123098;-1866053;Place de la Mairie;placedelamairie;La Chapelle-Thouarault;
BUS;2_3506;48153113;-1706642;Décoparc;decoparc;Montgermont;
BUS;2_1375;48130136;-1656725;Gast;gast;Rennes;
BUS;2_1376;48128552;-1657123;Europe;europe;Rennes;
BUS;2_1377;48126792;-1658544;Trégain;tregain;Rennes;
BUS;2_1378;48124932;-1661355;Saint-Exupéry;saintexupery;Rennes;
BUS;2_1383;48103607;-1700091;Dargent;dargent;Rennes;
BUS;2_1382;48105104;-1698716;Voltaire;voltaire;Rennes;
BUS;2_1385;48100690;-1706977;De Lesseps;delesseps;Rennes;
BUS;2_1384;48102619;-1703825;Champion de Cicé;championdecice;Rennes;
BUS;2_1381;48105083;-1694260;Malakoff;malakoff;Rennes;
BUS;2_1110;48124154;-1651620;Lycée Chateaubriand;lyceechateaubriand;Rennes;
BUS;2_1388;48099342;-1711177;Montand;montand;Rennes;
BUS;2_1389;48101218;-1711829;Clinique La Sagesse;cliniquelasagesse;Rennes;
BUS;2_1386;48098934;-1705354;Guérinais;guerinais;Rennes;
BUS;2_1387;48098010;-1708192;Récipon;recipon;Rennes;
BUS;2_4408;48069996;-1932351;Le Verger Eglise;levergereglise;Le Verger;
BUS;2_1109;48125659;-1651873;Joliot-Curie;joliotcurie;Rennes;
BUS;2_1108;48128387;-1652168;Gayeulles;gayeulles;Rennes;
BUS;2_1396;48102257;-1704990;Champion de Cicé;championdecice;Rennes;
BUS;2_1107;48130869;-1652103;Le Blizz;leblizz;Rennes;
BUS;2_1395;48101013;-1707020;De Lesseps;delesseps;Rennes;
BUS;2_1106;48134364;-1652169;Gayeulles Piscine;gayeullespiscine;Rennes;
BUS;2_1394;48099000;-1705508;Guérinais;guerinais;Rennes;
BUS;2_1105;48135550;-1655694;Héronière;heroniere;Rennes;
BUS;2_1393;48097896;-1707657;Récipon;recipon;Rennes;
BUS;2_1104;48134788;-1658549;Hôtel de Région;hotelderegion;Rennes;
BUS;2_1392;48099880;-1711238;Montand;montand;Rennes;
BUS;2_1103;48138800;-1659213;Saint-Laurent;saintlaurent;Rennes;
BUS;2_4401;48069922;-1932398;Le Verger Eglise;levergereglise;Le Verger;
BUS;2_1391;48100883;-1711637;Clinique La Sagesse;cliniquelasagesse;Rennes;
BUS;2_1102;48131159;-1684580;Donelière;doneliere;Rennes;
BUS;2_4402;48070250;-1929079;Bouvrais;bouvrais;Le Verger;
BUS;2_1390;48104135;-1713475;Cleunay;cleunay;Rennes;
BUS;2_1101;48127274;-1683226;Trois Croix;troiscroix;Rennes;
BUS;2_4403;48070021;-1930254;Bouvrais;bouvrais;Le Verger;
BUS;2_1100;48124935;-1681982;Cimetière Nord;cimetierenord;Rennes;
BUS;2_1397;48103617;-1700280;Dargent;dargent;Rennes;
BUS;2_1398;48105188;-1698630;Voltaire;voltaire;Rennes;
BUS;2_1399;48104976;-1694021;Malakoff;malakoff;Rennes;
BUS;2_1120;48109982;-1677856;République Jaurès;republiquejaures;Rennes;
BUS;2_1121;48106070;-1677765;Charles de Gaulle;charlesdegaulle;Rennes;
BUS;2_1119;48110541;-1674891;Place Pasteur;placepasteur;Rennes;
BUS;2_1112;48118900;-1650928;Vitré Danton;vitredanton;Rennes;
BUS;2_1111;48120242;-1650710;Docteur Quentin;docteurquentin;Rennes;
BUS;2_1114;48114473;-1658009;Durafour;durafour;Rennes;
BUS;2_1113;48116352;-1655630;Jeanne d'Arc;jeannedarc;Rennes;
BUS;2_1116;48112743;-1664385;Saint-Vincent;saintvincent;Rennes;
BUS;2_1115;48113497;-1661274;Oberthur;oberthur;Rennes;
BUS;2_1118;48111758;-1671214;Thabor;thabor;Rennes;
BUS;2_1117;48112492;-1666853;Châteaudun;chateaudun;Rennes;
BUS;2_1131;48082705;-1682384;Bosphore;bosphore;Rennes;
BUS;2_1132;48082334;-1677871;Alma;alma;Rennes;
BUS;2_1130;48085207;-1682484;Canada;canada;Rennes;
BUS;2_1125;48096905;-1679148;Sacrés Coeurs;sacrescoeurs;Rennes;
BUS;2_1124;48097335;-1675579;Jacques Cartier;jacquescartier;Rennes;
BUS;2_1123;48099160;-1675701;Ginguené;ginguene;Rennes;
BUS;2_1122;48103064;-1676827;Gare Sud Féval;garesudfeval;Rennes;
BUS;2_1129;48087274;-1682399;Suède;suede;Rennes;
BUS;2_1128;48091036;-1682113;Champs Manceaux;champsmanceaux;Rennes;
BUS;2_1127;48093064;-1681876;Frères Moines;freresmoines;Rennes;
BUS;2_1126;48096029;-1681667;Garigliano;garigliano;Rennes;
BUS;2_1339;48094725;-1658650;Langevin;langevin;Rennes;
BUS;2_1336;48098021;-1666463;Bigot de Préameneu;bigotdepreameneu;Rennes;
BUS;2_1141;48099278;-1675617;Ginguené;ginguene;Rennes;
BUS;2_1335;48097739;-1668349;Ormeaux;ormeaux;Rennes;
BUS;2_1140;48097412;-1674765;Jacques Cartier;jacquescartier;Rennes;
BUS;2_1338;48095015;-1661582;Leray;leray;Rennes;
BUS;2_1143;48106080;-1677601;Charles de Gaulle;charlesdegaulle;Rennes;
BUS;2_1337;48097592;-1662953;Sainte-Thérèse;saintetherese;Rennes;
BUS;2_1142;48101338;-1676257;Gare Sud Féval;garesudfeval;Rennes;
BUS;2_1331;48117971;-1680745;Square de la Rance;squaredelarance;Rennes;
BUS;2_1334;48097758;-1671284;Châtillon;chatillon;Rennes;
BUS;2_1333;48097747;-1675199;Jacques Cartier;jacquescartier;Rennes;
BUS;2_1137;48093597;-1681869;Frères Moines;freresmoines;Rennes;
BUS;2_1138;48096347;-1681615;Garigliano;garigliano;Rennes;
BUS;2_1340;48092030;-1658412;Gide;gide;Rennes;
BUS;2_1139;48096957;-1678506;Sacrés Coeurs;sacrescoeurs;Rennes;
BUS;2_1341;48091261;-1654604;Landrel;landrel;Rennes;
BUS;2_1133;48082140;-1682536;Bosphore;bosphore;Rennes;
BUS;2_1134;48085178;-1682307;Canada;canada;Rennes;
BUS;2_1135;48088075;-1682214;Suède;suede;Rennes;
BUS;2_1136;48091136;-1682081;Champs Manceaux;champsmanceaux;Rennes;
BUS;2_1349;48083673;-1668171;Douro;douro;Rennes;
BUS;2_1154;48126085;-1651817;Joliot-Curie;joliotcurie;Rennes;
BUS;2_1348;48083621;-1663846;Tage;tage;Rennes;
BUS;2_1153;48124439;-1651497;Lycée Chateaubriand;lyceechateaubriand;Rennes;
BUS;2_1347;48084734;-1657809;Torigné;torigne;Rennes;
BUS;2_1152;48120433;-1650672;Docteur Quentin;docteurquentin;Rennes;
BUS;2_1346;48084687;-1655128;Hôpital Sud;hopitalsud;Rennes;
BUS;2_1151;48118791;-1651618;Vitré Danton;vitredanton;Rennes;
BUS;2_1345;48084881;-1651136;Sainte-Elisabeth;sainteelisabeth;Rennes;
BUS;2_1150;48116528;-1655525;Jeanne d'Arc;jeannedarc;Rennes;
BUS;2_1344;48087665;-1650035;Galicie;galicie;Rennes;
BUS;2_1343;48087608;-1645968;La Poterie;lapoterie;Rennes;
BUS;2_1342;48091202;-1651773;Pologne;pologne;Rennes;
BUS;2_1351;48083489;-1667357;Douro;douro;Rennes;
BUS;2_1352;48083464;-1663267;Tage;tage;Rennes;
BUS;2_1148;48113410;-1661415;Oberthur;oberthur;Rennes;
BUS;2_1350;48083583;-1672304;Portugal;portugal;Rennes;
BUS;2_1149;48114256;-1658739;Durafour;durafour;Rennes;
BUS;2_1146;48111872;-1671130;Thabor;thabor;Rennes;
BUS;2_1147;48112715;-1664396;Saint-Vincent;saintvincent;Rennes;
BUS;2_1144;48110069;-1677804;République Jaurès;republiquejaures;Rennes;
BUS;2_1354;48084485;-1653244;Hôpital Sud;hopitalsud;Rennes;
BUS;2_1353;48084555;-1658009;Torigné;torigne;Rennes;
BUS;2_1356;48087532;-1649983;Galicie;galicie;Rennes;
BUS;2_1161;48112311;-1644291;Plaine de Baud;plainedebaud;Rennes;
BUS;2_1355;48084928;-1650857;Sainte-Elisabeth;sainteelisabeth;Rennes;
BUS;2_1160;48114059;-1637216;Tournebride;tournebride;Rennes;
BUS;2_1358;48091368;-1651909;Pologne;pologne;Rennes;
BUS;2_1163;48110332;-1660389;Robidou;robidou;Rennes;
BUS;2_1162;48110335;-1655975;Pont de Strasbourg;pontdestrasbourg;Rennes;
BUS;2_1165;48110061;-1670178;Paul Bert;paulbert;Rennes;
BUS;2_1359;48091437;-1655628;Landrel;landrel;Rennes;
BUS;2_1164;48110106;-1666776;Pont de Châteaudun;pontdechateaudun;Rennes;
BUS;2_1155;48129165;-1652101;Gayeulles;gayeulles;Rennes;
BUS;2_1156;48131855;-1652002;Le Blizz;leblizz;Rennes;
BUS;2_1157;48134945;-1652059;Gayeulles Piscine;gayeullespiscine;Rennes;
BUS;2_1158;48135538;-1656205;Héronière;heroniere;Rennes;
BUS;2_4201;48051955;-1797621;Croix Blanche;croixblanche;Chavagne;
BUS;2_1360;48092419;-1658366;Gide;gide;Rennes;
BUS;2_1159;48134394;-1658754;Hôtel de Région;hotelderegion;Rennes;
BUS;2_1361;48094210;-1658227;Langevin;langevin;Rennes;
BUS;2_1362;48095080;-1661534;Leray;leray;Rennes;
BUS;2_1363;48097442;-1662657;Sainte-Thérèse;saintetherese;Rennes;
BUS;2_1367;48110979;-1679520;Rennes Mairie;rennesmairie;Rennes;
BUS;2_1172;48109829;-1659416;Robidou;robidou;Rennes;
BUS;2_1366;48097756;-1671109;Châtillon;chatillon;Rennes;
BUS;2_1171;48110037;-1664873;Pont de Châteaudun;pontdechateaudun;Rennes;
BUS;2_1365;48097716;-1669167;Ormeaux;ormeaux;Rennes;
BUS;2_1170;48110033;-1669072;Paul Bert;paulbert;Rennes;
BUS;2_1364;48098024;-1667082;Bigot de Préameneu;bigotdepreameneu;Rennes;
BUS;2_1176;48119017;-1635147;Beaulieu INSA;beaulieuinsa;Rennes;
BUS;2_1175;48116983;-1633905;Beaulieu Chimie;beaulieuchimie;Rennes;
BUS;2_1369;48120266;-1681070;Auberge de Jeunesse;aubergedejeunesse;Rennes;
BUS;2_1174;48112584;-1642861;Plaine de Baud;plainedebaud;Rennes;
BUS;2_1368;48118373;-1680606;Square de la Rance;squaredelarance;Rennes;
BUS;2_1173;48110108;-1656206;Pont de Strasbourg;pontdestrasbourg;Rennes;
BUS;2_1168;48109808;-1678824;République;republique;Rennes;
BUS;2_1370;48122021;-1683622;IUFM;iufm;Rennes;
BUS;2_1169;48109853;-1674520;Musée Beaux Arts;museebeauxarts;Rennes;
BUS;2_1166;48109883;-1675129;Musée Beaux Arts;museebeauxarts;Rennes;
BUS;2_1167;48109367;-1678658;République Pré Botté;republiqueprebotte;Rennes;
BUS;2_1373;48135205;-1659386;Hôtel de Région;hotelderegion;Rennes;
BUS;2_1374;48133247;-1656932;Longs Prés;longspres;Rennes;
BUS;2_1371;48133002;-1685068;Lycée Mendès France;lyceemendesfrance;Rennes;
BUS;2_3901;47999908;-1696967;Bois Esnault;boisesnault;Pont-Péan;
BUS;2_1372;48138409;-1659070;Saint-Laurent;saintlaurent;Rennes;
BUS;2_3902;48006479;-1698572;Caliorne;caliorne;Pont-Péan;
BUS;2_3903;48010620;-1700995;Mouton Blanc;moutonblanc;Pont-Péan;
BUS;2_3904;48012955;-1703003;Chemin Vert;cheminvert;Pont-Péan;
BUS;2_3905;48010579;-1706970;Pont Péan Mairie;pontpeanmairie;Pont-Péan;
BUS;2_3906;48013644;-1707632;Rivaudière;rivaudiere;Pont-Péan;
BUS;2_3907;48016292;-1705677;Fontaine Blanche;fontaineblanche;Pont-Péan;
BUS;2_3908;48019899;-1706993;Renaissance;renaissance;Pont-Péan;
BUS;2_3909;48019888;-1707059;Renaissance;renaissance;Pont-Péan;
BUS;2_1330;48120371;-1681590;Auberge de Jeunesse;aubergedejeunesse;Rennes;
BUS;2_2848;48151909;-1684413;Forge;forge;Saint-Grégoire;
BUS;2_2219;48094070;-1690577;Pilate;pilate;Saint-Jacques-de-la-Lande;
BUS;2_2849;48154406;-1692482;Paul-Emile Victor;paulemilevictor;Saint-Grégoire;
BUS;2_2846;48158992;-1676336;Ricoquais;ricoquais;Saint-Grégoire;
BUS;2_2847;48151814;-1684517;Forge;forge;Saint-Grégoire;
BUS;2_2844;48155285;-1671435;Champ Daguet;champdaguet;Saint-Grégoire;
BUS;2_2020;48114150;-1621838;Taillis;taillis;Cesson-Sévigné;
BUS;2_2215;48076958;-1715908;Collège Jean Moulin;collegejeanmoulin;Saint-Jacques-de-la-Lande;
BUS;2_2021;48114214;-1613754;Hublais;hublais;Cesson-Sévigné;
BUS;2_2216;48087283;-1694629;Pressoirs;pressoirs;Saint-Jacques-de-la-Lande;
BUS;2_2842;48158102;-1672049;Nobel;nobel;Saint-Grégoire;
BUS;2_2022;48114675;-1609581;Place Sévigné;placesevigne;Cesson-Sévigné;
BUS;2_2217;48090625;-1695007;25 Fusillés;25fusilles;Saint-Jacques-de-la-Lande;
BUS;2_2843;48158350;-1672169;Nobel;nobel;Saint-Grégoire;
BUS;2_2023;48116048;-1606969;Vilaine;vilaine;Cesson-Sévigné;
BUS;2_2218;48092380;-1691584;Saint-Yves;saintyves;Saint-Jacques-de-la-Lande;
BUS;2_2840;48176663;-1690276;MFR Rabinardières;mfrrabinardieres;Saint-Grégoire;
BUS;2_2211;48087271;-1707343;Gaité;gaite;Saint-Jacques-de-la-Lande;
BUS;2_2841;48160479;-1676773;Parking scolaire Jean-Paul II;parkingscolairejeanpaulii;Saint-Grégoire;
BUS;2_2212;48084439;-1709176;Blosne;blosne;Saint-Jacques-de-la-Lande;
BUS;2_2213;48082495;-1715406;Jean Marin;jeanmarin;Saint-Jacques-de-la-Lande;
BUS;2_2214;48079882;-1715604;Médiathèque;mediatheque;Saint-Jacques-de-la-Lande;
BUS;2_2017;48114085;-1630367;Champs Péans;champspeans;Cesson-Sévigné;
BUS;2_2221;48063063;-1720491;Rossel;rossel;Saint-Jacques-de-la-Lande;
BUS;2_2019;48114078;-1628011;Champs Péans;champspeans;Cesson-Sévigné;
BUS;2_2220;48061593;-1724099;Gautrais;gautrais;Saint-Jacques-de-la-Lande;
BUS;2_1328;48133214;-1685288;Lycée Mendès France;lyceemendesfrance;Rennes;
BUS;2_2014;48114681;-1609663;Place Sévigné;placesevigne;Cesson-Sévigné;
BUS;2_1329;48121631;-1683237;IUFM;iufm;Rennes;
BUS;2_2013;48116439;-1607353;Vilaine;vilaine;Cesson-Sévigné;
BUS;2_2016;48114181;-1621949;Taillis;taillis;Cesson-Sévigné;
BUS;2_2015;48114222;-1616313;Hublais;hublais;Cesson-Sévigné;
BUS;2_1324;48097611;-1642420;Domaine;domaine;Rennes;
BUS;2_1325;48099433;-1646725;Landry;landry;Rennes;
BUS;2_1326;48101211;-1649626;Villebois-Mareuil;villeboismareuil;Rennes;
BUS;2_1327;48101376;-1653665;Raison;raison;Rennes;
BUS;2_1320;48094984;-1637251;CARSAT;carsat;Rennes;
BUS;2_1321;48093872;-1633883;Sauvaie;sauvaie;Rennes;
BUS;2_1322;48094307;-1634742;Sauvaie;sauvaie;Rennes;
BUS;2_1323;48095438;-1638084;CARSAT;carsat;Rennes;
BUS;2_2208;48095715;-1694760;Commeurec;commeurec;Saint-Jacques-de-la-Lande;
BUS;2_2209;48095726;-1694505;Commeurec;commeurec;Saint-Jacques-de-la-Lande;
BUS;2_2011;48121124;-1609929;Maison d'Accueil;maisondaccueil;Cesson-Sévigné;
BUS;2_2206;48087518;-1707042;Gaité;gaite;Saint-Jacques-de-la-Lande;
BUS;2_2012;48118443;-1608430;Muguet;muguet;Cesson-Sévigné;
BUS;2_2207;48093532;-1701347;Lilas;lilas;Saint-Jacques-de-la-Lande;
BUS;2_2204;48082560;-1715372;Jean Marin;jeanmarin;Saint-Jacques-de-la-Lande;
BUS;2_2010;48122799;-1610896;Mare Pavée;marepavee;Cesson-Sévigné;
BUS;2_2205;48083209;-1710196;Blosne;blosne;Saint-Jacques-de-la-Lande;
BUS;2_2202;48077349;-1715822;Collège Jean Moulin;collegejeanmoulin;Saint-Jacques-de-la-Lande;
BUS;2_2850;48154508;-1692608;Paul-Emile Victor;paulemilevictor;Saint-Grégoire;
BUS;2_2203;48079420;-1715670;Médiathèque;mediatheque;Saint-Jacques-de-la-Lande;
BUS;2_2201;48075462;-1716353;Morinais;morinais;Saint-Jacques-de-la-Lande;
BUS;2_2009;48123529;-1608133;Fontenelle;fontenelle;Cesson-Sévigné;
BUS;2_2210;48093353;-1701547;Lilas;lilas;Saint-Jacques-de-la-Lande;
BUS;2_2008;48123586;-1604382;La Coulée;lacoulee;Cesson-Sévigné;
BUS;2_2007;48123113;-1600558;Bourgchevreuil;bourgchevreuil;Cesson-Sévigné;
BUS;2_2006;48125226;-1596528;Petits Champs;petitschamps;Cesson-Sévigné;
BUS;2_1319;48097055;-1641644;Domaine;domaine;Rennes;
BUS;2_2005;48124497;-1594203;Grand Domaine;granddomaine;Cesson-Sévigné;
BUS;2_1317;48100139;-1649384;Villebois-Mareuil;villeboismareuil;Rennes;
BUS;2_2003;48130113;-1628029;Cesson Hôpital Privé;cessonhopitalprive;Cesson-Sévigné;
BUS;2_1318;48099147;-1645973;Landry;landry;Rennes;
BUS;2_2002;48130232;-1627528;Cesson Hôpital Privé;cessonhopitalprive;Cesson-Sévigné;
BUS;2_1315;48109696;-1678081;République;republique;Rennes;
BUS;2_1316;48101206;-1652963;Raison;raison;Rennes;
BUS;2_1313;48121875;-1638346;Beaulieu Restau. U.;beaulieurestauu;Rennes;
BUS;2_1314;48125092;-1633096;IUT;iut;Rennes;
BUS;2_1311;48109661;-1698381;Guilloux;guilloux;Rennes;
BUS;2_1312;48116649;-1633930;Beaulieu Chimie;beaulieuchimie;Rennes;
BUS;2_1310;48111222;-1700809;Marbeuf;marbeuf;Rennes;
BUS;2_2826;48135584;-1692986;Grand Quartier;grandquartier;Saint-Grégoire;
BUS;2_2827;48149065;-1656522;Maison Blanche;maisonblanche;Saint-Grégoire;
BUS;2_2824;48158901;-1685141;Vivier Louis;vivierlouis;Saint-Grégoire;
BUS;2_2825;48159145;-1680813;Camus;camus;Saint-Grégoire;
BUS;2_2829;48149283;-1656461;Maison Blanche;maisonblanche;Saint-Grégoire;
BUS;2_2822;48154711;-1686703;Discalceat;discalceat;Saint-Grégoire;
BUS;2_2820;48151445;-1691284;Cité des Jardins;citedesjardins;Saint-Grégoire;
BUS;2_2821;48153749;-1692012;Paul-Emile Victor;paulemilevictor;Saint-Grégoire;
BUS;2_1306;48125336;-1703129;IRTS;irts;Rennes;
BUS;2_1307;48121926;-1703889;Villejean-Université;villejeanuniversite;Rennes;
BUS;2_1308;48118920;-1704658;Université;universite;Rennes;
BUS;2_1309;48116734;-1704772;Berger;berger;Rennes;
BUS;2_1300;48128586;-1698732;Cucillé;cucille;Rennes;
BUS;2_1301;48128194;-1693963;Préfecture;prefecture;Rennes;
BUS;2_1302;48131494;-1691728;Léonard;leonard;Rennes;
BUS;2_1303;48128325;-1694142;Préfecture;prefecture;Rennes;
BUS;2_1304;48128508;-1698874;Cucillé;cucille;Rennes;
BUS;2_1305;48127658;-1703241;Olympe de Gouges;olympedegouges;Rennes;
BUS;2_2836;48156967;-1687302;Uttenreuth;uttenreuth;Saint-Grégoire;
BUS;2_2837;48176927;-1722015;La Brosse;labrosse;Saint-Grégoire;
BUS;2_2838;48153909;-1696900;Alphasis;alphasis;Saint-Grégoire;
BUS;2_2839;48154391;-1696639;Alphasis;alphasis;Saint-Grégoire;
BUS;2_2830;48134327;-1694463;Grand Quartier;grandquartier;Saint-Grégoire;
BUS;2_2831;48153588;-1678691;Holywell;holywell;Saint-Grégoire;
BUS;2_2832;48154625;-1678850;Holywell;holywell;Saint-Grégoire;
BUS;2_2833;48160210;-1677136;Jean-Paul II;jeanpaulii;Saint-Grégoire;
BUS;2_2834;48159865;-1677199;Jean-Paul II;jeanpaulii;Saint-Grégoire;
BUS;2_2255;48079279;-1733263;Bellevue;bellevue;Saint-Jacques-de-la-Lande;
BUS;2_2258;48093536;-1704338;Dominos;dominos;Saint-Jacques-de-la-Lande;
BUS;2_2257;48087038;-1694675;Pressoirs;pressoirs;Saint-Jacques-de-la-Lande;
BUS;2_3101;48155273;-1788193;Vergéal;vergeal;Pacé;
BUS;2_2262;48068792;-1697856;Vallon;vallon;Saint-Jacques-de-la-Lande;
BUS;2_2263;48082573;-1712332;Jean Jaurès;jeanjaures;Saint-Jacques-de-la-Lande;
BUS;2_2264;48082787;-1713065;Jean Jaurès;jeanjaures;Saint-Jacques-de-la-Lande;
BUS;2_2265;48061577;-1724044;Gautrais;gautrais;Saint-Jacques-de-la-Lande;
BUS;2_2260;48093432;-1704570;Dominos;dominos;Saint-Jacques-de-la-Lande;
BUS;2_2249;48082969;-1731674;Le Pâtis;lepatis;Saint-Jacques-de-la-Lande;
BUS;2_2248;48079261;-1733041;Bellevue;bellevue;Saint-Jacques-de-la-Lande;
BUS;2_2245;48077629;-1712672;Haut Bois;hautbois;Saint-Jacques-de-la-Lande;
BUS;2_2244;48059881;-1734395;Parc Expo;parcexpo;Saint-Jacques-de-la-Lande;
BUS;2_3107;48151195;-1777625;Renan;renan;Pacé;
BUS;2_3108;48150916;-1772050;Duchesse Anne;duchesseanne;Pacé;
BUS;2_3109;48148158;-1769807;Pacé Cimetière;pacecimetiere;Pacé;
BUS;2_3102;48151301;-1792319;Pie Neuve (ex Chêne Amoureux);pieneuveexcheneamoureux;Pacé;
BUS;2_3103;48149258;-1788914;Docteur Léon;docteurleon;Pacé;
BUS;2_3104;48148511;-1784899;Touche Milon;touchemilon;Pacé;
BUS;2_3105;48147540;-1781052;Pinault;pinault;Pacé;
BUS;2_3110;48145797;-1770671;Carré Dumaine;carredumaine;Pacé;
BUS;2_3112;48141125;-1767407;Opéra;opera;Pacé;
BUS;2_3111;48142844;-1770148;Le Ponant;leponant;Pacé;
BUS;2_2253;48086677;-1722184;Reuzerais;reuzerais;Saint-Jacques-de-la-Lande;
BUS;2_2254;48083808;-1730094;Le Pâtis;lepatis;Saint-Jacques-de-la-Lande;
BUS;2_2251;48086627;-1713071;Maffeys;maffeys;Saint-Jacques-de-la-Lande;
BUS;2_2252;48086621;-1713003;Maffeys;maffeys;Saint-Jacques-de-la-Lande;
BUS;2_2250;48086693;-1721997;Reuzerais;reuzerais;Saint-Jacques-de-la-Lande;
BUS;2_2234;48066426;-1720240;Pommerais;pommerais;Saint-Jacques-de-la-Lande;
BUS;2_2233;48067383;-1717300;Abbé Grimault;abbegrimault;Saint-Jacques-de-la-Lande;
BUS;2_2236;48060025;-1734166;Parc Expo;parcexpo;Saint-Jacques-de-la-Lande;
BUS;2_2235;48062849;-1720661;Rossel;rossel;Saint-Jacques-de-la-Lande;
BUS;2_2238;48064981;-1724590;Centre Météo;centremeteo;Saint-Jacques-de-la-Lande;
BUS;2_2237;48067348;-1721762;Aire Libre Aéroport;airelibreaeroport;Saint-Jacques-de-la-Lande;
BUS;2_2239;48077824;-1712514;Haut Bois;hautbois;Saint-Jacques-de-la-Lande;
BUS;2_2240;48080580;-1712357;Malraux;malraux;Saint-Jacques-de-la-Lande;
BUS;2_2241;48080527;-1712554;Malraux;malraux;Saint-Jacques-de-la-Lande;
BUS;2_2242;48065035;-1724595;Centre Météo;centremeteo;Saint-Jacques-de-la-Lande;
BUS;2_2243;48066928;-1722330;Aire Libre Aéroport;airelibreaeroport;Saint-Jacques-de-la-Lande;
BUS;2_2225;48086858;-1705718;Gaité;gaite;Saint-Jacques-de-la-Lande;
BUS;2_2224;48075070;-1715995;Morinais;morinais;Saint-Jacques-de-la-Lande;
BUS;2_2223;48067376;-1717017;Abbé Grimault;abbegrimault;Saint-Jacques-de-la-Lande;
BUS;2_2222;48066408;-1720239;Pommerais;pommerais;Saint-Jacques-de-la-Lande;
BUS;2_2229;48089427;-1697928;Croix Verte;croixverte;Saint-Jacques-de-la-Lande;
BUS;2_2228;48089805;-1693091;Pigeon Blanc;pigeonblanc;Saint-Jacques-de-la-Lande;
BUS;2_2227;48089421;-1697878;Croix Verte;croixverte;Saint-Jacques-de-la-Lande;
BUS;2_2226;48086618;-1701365;Rablais Allende;rablaisallende;Saint-Jacques-de-la-Lande;
BUS;2_2231;48086913;-1706598;Gaité;gaite;Saint-Jacques-de-la-Lande;
BUS;2_2232;48074856;-1715734;Morinais;morinais;Saint-Jacques-de-la-Lande;
BUS;2_2230;48086511;-1702001;Rablais Allende;rablaisallende;Saint-Jacques-de-la-Lande;
BUS;2_1513;48115482;-1648460;Bois Perrin;boisperrin;Rennes;
BUS;2_1514;48113335;-1647605;Moulin de Joué;moulindejoue;Rennes;
BUS;2_1511;48087539;-1643454;La Poterie;lapoterie;Rennes;
BUS;2_1510;48087779;-1674465;Henri Fréville;henrifreville;Rennes;
BUS;2_3142;48167383;-1787015;Haute Rabine;hauterabine;Pacé;
BUS;2_3143;48169921;-1788000;Haute Rabine;hauterabine;Pacé;
BUS;2_3144;48140985;-1766182;Opéra;opera;Pacé;
BUS;2_1519;48121100;-1702976;Villejean-Université;villejeanuniversite;Rennes;
BUS;2_3145;48179993;-1801679;Touche Champagne;touchechampagne;Pacé;
BUS;2_1517;48118540;-1713636;Berry;berry;Rennes;
BUS;2_1518;48120626;-1710464;Bourbonnais;bourbonnais;Rennes;
BUS;2_1515;48113500;-1647553;Moulin de Joué;moulindejoue;Rennes;
BUS;2_3141;48154717;-1784357;Pont Amelin;pontamelin;Pacé;
BUS;2_1516;48115952;-1648407;Bois Perrin;boisperrin;Rennes;
BUS;2_3139;48140209;-1763297;Rive Ouest;riveouest;Pacé;
BUS;2_3136;48154732;-1784426;Pont Amelin;pontamelin;Pacé;
BUS;2_3135;48141722;-1770909;Nominoë;nominoe;Pacé;
BUS;2_3137;48140244;-1763556;Rive Ouest;riveouest;Pacé;
BUS;2_1522;48113928;-1642818;Piletière;piletiere;Rennes;
BUS;2_1523;48114548;-1649952;Moulin de Joué;moulindejoue;Rennes;
BUS;2_1524;48114673;-1651350;Hôpital Régnier;hopitalregnier;Rennes;
BUS;2_1525;48113552;-1656728;Durafour Strasbourg;durafourstrasbourg;Rennes;
BUS;2_1520;48120502;-1709739;Bourbonnais;bourbonnais;Rennes;
BUS;2_1521;48118459;-1713760;Berry;berry;Rennes;
BUS;2_1526;48114790;-1653177;Hôpital Régnier;hopitalregnier;Rennes;
BUS;2_1527;48114334;-1649207;Moulin de Joué;moulindejoue;Rennes;
BUS;2_1528;48113994;-1644358;Piletière;piletiere;Rennes;
BUS;2_1529;48121189;-1702972;Villejean-Université;villejeanuniversite;Rennes;
BUS;2_2091;48119005;-1598194;Lycée Sévigné;lyceesevigne;Cesson-Sévigné;
BUS;2_2640;48038406;-1602249;Croix Malinge;croixmalinge;Vern-sur-Seiche;
BUS;2_3146;48180074;-1801902;Touche Champagne;touchechampagne;Pacé;
BUS;2_2641;48059081;-1612937;Champ Martin;champmartin;Vern-sur-Seiche;
BUS;2_2079;48128797;-1605954;Verger;verger;Cesson-Sévigné;
BUS;2_3120;48148535;-1784753;Touche Milon;touchemilon;Pacé;
BUS;2_3121;48149286;-1788889;Docteur Léon;docteurleon;Pacé;
BUS;2_3122;48151284;-1792304;Pie Neuve (ex Chêne Amoureux);pieneuveexcheneamoureux;Pacé;
BUS;2_3123;48174139;-1789366;Chapitre;chapitre;Pacé;
BUS;2_3114;48145726;-1770651;Carré Dumaine;carredumaine;Pacé;
BUS;2_3113;48143356;-1770410;Le Ponant;leponant;Pacé;
BUS;2_2630;48045028;-1598873;Maillardière;maillardiere;Vern-sur-Seiche;
BUS;2_3116;48150887;-1771872;Duchesse Anne;duchesseanne;Pacé;
BUS;2_2631;48047638;-1598536;Moulin;moulin;Vern-sur-Seiche;
BUS;2_3115;48147996;-1769792;Pacé Cimetière;pacecimetiere;Pacé;
BUS;2_2632;48048057;-1598639;Moulin;moulin;Vern-sur-Seiche;
BUS;2_2633;48045144;-1598682;Maillardière;maillardiere;Vern-sur-Seiche;
BUS;2_2080;48127349;-1612775;Gaudais;gaudais;Cesson-Sévigné;
BUS;2_3117;48151234;-1777548;Renan;renan;Pacé;
BUS;2_2634;48047098;-1602643;Vern Eglise;verneglise;Vern-sur-Seiche;
BUS;2_2081;48126825;-1619945;Bouriande;bouriande;Cesson-Sévigné;
BUS;2_2635;48038498;-1602204;Croix Malinge;croixmalinge;Vern-sur-Seiche;
BUS;2_3119;48147547;-1781094;Pinault;pinault;Pacé;
BUS;2_3323;48149289;-1577154;Curien;curien;Thorigné-Fouillard;
BUS;2_2637;48049703;-1615319;Solidor;solidor;Vern-sur-Seiche;
BUS;2_2084;48129039;-1604830;Verger;verger;Cesson-Sévigné;
BUS;2_3322;48149276;-1577503;Curien;curien;Thorigné-Fouillard;
BUS;2_2085;48116134;-1582357;Champelé;champele;Cesson-Sévigné;
BUS;2_2082;48126936;-1619888;Bouriande;bouriande;Cesson-Sévigné;
BUS;2_2083;48126961;-1614397;Gaudais;gaudais;Cesson-Sévigné;
BUS;2_2088;48124675;-1590653;Base de Loisirs;basedeloisirs;Cesson-Sévigné;
BUS;2_2089;48113572;-1590520;Rigourdière;rigourdiere;Cesson-Sévigné;
BUS;2_2086;48114304;-1600484;Bordage;bordage;Cesson-Sévigné;
BUS;2_3511;48157334;-1714606;Courtines;courtines;Montgermont;
BUS;2_2069;48126290;-1599071;Cesson Cimetière;cessoncimetiere;Cesson-Sévigné;
BUS;2_3512;48155679;-1716638;Montgermont Mairie;montgermontmairie;Montgermont;
BUS;2_2068;48123173;-1601788;Métairies Chalotais;metairieschalotais;Cesson-Sévigné;
BUS;2_3510;48155587;-1710822;Belle Epine;belleepine;Montgermont;
BUS;2_2271;48090537;-1694938;25 Fusillés;25fusilles;Saint-Jacques-de-la-Lande;
BUS;2_3515;48162719;-1730593;Silandière;silandiere;Montgermont;
BUS;2_3320;48141816;-1577408;Pâtis du Moulinet;patisdumoulinet;Thorigné-Fouillard;
BUS;2_1500;48113869;-1705406;Agrocampus;agrocampus;Rennes;
BUS;2_3516;48154306;-1707246;Décoparc;decoparc;Montgermont;
BUS;2_3321;48160414;-1587064;Fouillard;fouillard;Thorigné-Fouillard;
BUS;2_1501;48109368;-1679766;République Pré Botté;republiqueprebotte;Rennes;
BUS;2_3513;48155685;-1720682;Pierre Texier;pierretexier;Montgermont;
BUS;2_1502;48113272;-1704558;Agrocampus;agrocampus;Rennes;
BUS;2_3514;48157178;-1723301;Fougerolle;fougerolle;Montgermont;
BUS;2_1503;48116161;-1715949;Colin;colin;Rennes;
BUS;2_1504;48116408;-1723281;Petit Champeaux;petitchampeaux;Rennes;
BUS;2_3130;48151555;-1770518;Le Brix;lebrix;Pacé;
BUS;2_1506;48106480;-1731438;Berthault;berthault;Rennes;
BUS;2_1507;48109369;-1675124;Lycée Zola;lyceezola;Rennes;
BUS;2_3133;48157284;-1765714;Ouessant;ouessant;Pacé;
BUS;2_1508;48106734;-1729145;Berthault;berthault;Rennes;
BUS;2_3134;48141655;-1770566;Nominoë;nominoe;Pacé;
BUS;2_1509;48088109;-1674449;Henri Fréville;henrifreville;Rennes;
BUS;2_3131;48154440;-1770496;Pacé Collèges;pacecolleges;Pacé;
BUS;2_3132;48155424;-1764684;Champalaune;champalaune;Pacé;
BUS;2_3127;48155489;-1764636;Champalaune;champalaune;Pacé;
BUS;2_2620;48043547;-1601715;Bel Air;belair;Vern-sur-Seiche;
BUS;2_3126;48157320;-1765730;Ouessant;ouessant;Pacé;
BUS;2_2621;48040901;-1602292;Vern La Touche;vernlatouche;Vern-sur-Seiche;
BUS;2_3125;48160465;-1767982;Pâtis Roussel;patisroussel;Pacé;
BUS;2_3319;48141708;-1577425;Pâtis du Moulinet;patisdumoulinet;Thorigné-Fouillard;
BUS;2_3124;48175284;-1790009;Chapitre;chapitre;Pacé;
BUS;2_3129;48150718;-1770711;Le Brix;lebrix;Pacé;
BUS;2_2622;48059810;-1613175;Champ Martin;champmartin;Vern-sur-Seiche;
BUS;2_3128;48154073;-1771122;Pacé Collèges;pacecolleges;Pacé;
BUS;2_2070;48145106;-1608629;Victoire;victoire;Cesson-Sévigné;
BUS;2_3314;48155948;-1580695;Anne de Bretagne;annedebretagne;Thorigné-Fouillard;
BUS;2_2628;48031259;-1599464;Vaugon;vaugon;Vern-sur-Seiche;
BUS;2_2071;48140415;-1616798;Calendrou;calendrou;Cesson-Sévigné;
BUS;2_3313;48159184;-1579750;Bocage;bocage;Thorigné-Fouillard;
BUS;2_2629;48047190;-1602583;Vern Eglise;verneglise;Vern-sur-Seiche;
BUS;2_2072;48140599;-1616478;Calendrou;calendrou;Cesson-Sévigné;
BUS;2_2267;48075288;-1728985;Auriol;auriol;Saint-Jacques-de-la-Lande;
BUS;2_3312;48163021;-1579140;Juteauderies;juteauderies;Thorigné-Fouillard;
BUS;2_2073;48145102;-1608521;Victoire;victoire;Cesson-Sévigné;
BUS;2_2268;48075072;-1728794;Auriol;auriol;Saint-Jacques-de-la-Lande;
BUS;2_3311;48160505;-1585657;Fouillard;fouillard;Thorigné-Fouillard;
BUS;2_2627;48031392;-1599516;Vaugon;vaugon;Vern-sur-Seiche;
BUS;2_2074;48123532;-1611284;Mare Pavée;marepavee;Cesson-Sévigné;
BUS;2_3318;48140933;-1573466;Pâtis du Moulinet;patisdumoulinet;Thorigné-Fouillard;
BUS;2_2075;48123381;-1611230;Mare Pavée;marepavee;Cesson-Sévigné;
BUS;2_3317;48141052;-1573652;Pâtis du Moulinet;patisdumoulinet;Thorigné-Fouillard;
BUS;2_2076;48134066;-1629062;Lande Bouhard;landebouhard;Cesson-Sévigné;
BUS;2_3316;48132153;-1596431;Saint-Etienne;saintetienne;Thorigné-Fouillard;
BUS;2_2077;48134203;-1628792;Lande Bouhard;landebouhard;Cesson-Sévigné;
BUS;2_3315;48153547;-1579840;Thorigné Mairie;thorignemairie;Thorigné-Fouillard;
BUS;2_2413;48171109;-1641759;Enseigne Abbaye;enseigneabbaye;Betton;
BUS;2_2414;48172599;-1637322;Housset;housset;Betton;
BUS;2_2415;48176814;-1637180;Marronniers;marronniers;Betton;
BUS;2_2416;48180216;-1634784;Haye Renaud Gare;hayerenaudgare;Betton;
BUS;2_2410;48171353;-1641969;Enseigne Abbaye;enseigneabbaye;Betton;
BUS;2_2411;48161796;-1647757;Betton Vallée;bettonvallee;Betton;
BUS;2_2412;48161996;-1647464;Betton Vallée;bettonvallee;Betton;
BUS;2_3310;48156305;-1592135;Portail;portail;Thorigné-Fouillard;
BUS;2_1556;48109432;-1677633;République;republique;Rennes;
BUS;2_1555;48113295;-1675229;Fossés;fosses;Rennes;
BUS;2_2417;48181703;-1638551;Betton Centre;bettoncentre;Betton;
BUS;2_1554;48090734;-1661205;Binquenais Le Moine;binquenaislemoine;Rennes;
BUS;2_2059;48109493;-1608882;Monniais;monniais;Cesson-Sévigné;
BUS;2_2418;48181911;-1641200;Betton Mairie;bettonmairie;Betton;
BUS;2_1553;48121344;-1702437;Villejean-Université;villejeanuniversite;Rennes;
BUS;2_2419;48183183;-1646447;Trégor;tregor;Betton;
BUS;2_1552;48110688;-1673693;Place Pasteur;placepasteur;Rennes;
BUS;2_2057;48113886;-1603254;Cesson Gare;cessongare;Cesson-Sévigné;
BUS;2_1551;48109897;-1678262;République;republique;Rennes;
BUS;2_2058;48112606;-1607167;Peupliers;peupliers;Cesson-Sévigné;
BUS;2_3304;48155638;-1580776;Anne de Bretagne;annedebretagne;Thorigné-Fouillard;
BUS;2_1560;48097788;-1656645;Bourgeois;bourgeois;Rennes;
BUS;2_2067;48120373;-1602405;Cesson Piscine;cessonpiscine;Cesson-Sévigné;
BUS;2_3305;48158979;-1579705;Bocage;bocage;Thorigné-Fouillard;
BUS;2_2619;48044616;-1603881;La Poste;laposte;Vern-sur-Seiche;
BUS;2_1561;48096012;-1658010;Langevin;langevin;Rennes;
BUS;2_2066;48118346;-1604208;Cesson Mairie;cessonmairie;Cesson-Sévigné;
BUS;2_3306;48164176;-1579321;Juteauderies;juteauderies;Thorigné-Fouillard;
BUS;2_2801;48135805;-1693113;Grand Quartier;grandquartier;Saint-Grégoire;
BUS;2_2065;48113827;-1603141;Cesson Gare;cessongare;Cesson-Sévigné;
BUS;2_3307;48160413;-1585946;Fouillard;fouillard;Thorigné-Fouillard;
BUS;2_2064;48112570;-1607406;Peupliers;peupliers;Cesson-Sévigné;
BUS;2_2616;48052585;-1613984;Haute Abbaye;hauteabbaye;Vern-sur-Seiche;
BUS;2_2063;48109301;-1609073;Monniais;monniais;Cesson-Sévigné;
BUS;2_3301;48155150;-1573163;Landelles;landelles;Thorigné-Fouillard;
BUS;2_2615;48059025;-1616657;Bretonnière;bretonniere;Vern-sur-Seiche;
BUS;2_2062;48107827;-1614084;Rond Point de Bray;rondpointdebray;Cesson-Sévigné;
BUS;2_3302;48153077;-1579422;Thorigné Mairie;thorignemairie;Thorigné-Fouillard;
BUS;2_2618;48049141;-1605953;Croix Rouge;croixrouge;Vern-sur-Seiche;
BUS;2_2061;48106402;-1621268;ZI Sud-Est;zisudest;Cesson-Sévigné;
BUS;2_2617;48049438;-1611034;Fosse Gauchère;fossegauchere;Vern-sur-Seiche;
BUS;2_2060;48107791;-1614665;Rond Point de Bray;rondpointdebray;Cesson-Sévigné;
BUS;2_2807;48159841;-1692098;Pontay;pontay;Saint-Grégoire;
BUS;2_2612;48072316;-1628698;Hallerais;hallerais;Vern-sur-Seiche;
BUS;2_2806;48158983;-1685588;Vivier Louis;vivierlouis;Saint-Grégoire;
BUS;2_2611;48072396;-1628746;Hallerais;hallerais;Vern-sur-Seiche;
BUS;2_2809;48154350;-1686679;Discalceat;discalceat;Saint-Grégoire;
BUS;2_2614;48063999;-1622900;Val d'Orson;valdorson;Vern-sur-Seiche;
BUS;2_2808;48156857;-1687347;Uttenreuth;uttenreuth;Saint-Grégoire;
BUS;2_2613;48067579;-1625621;Garenne;garenne;Vern-sur-Seiche;
BUS;2_3308;48174379;-1602239;Placis Vert;placisvert;Thorigné-Fouillard;
BUS;2_2803;48137394;-1688514;La Plesse (ex Launay);laplesseexlaunay;Saint-Grégoire;
BUS;2_3309;48156261;-1592334;Portail;portail;Thorigné-Fouillard;
BUS;2_2805;48159107;-1681309;Camus;camus;Saint-Grégoire;
BUS;2_2610;48067736;-1625756;Garenne;garenne;Vern-sur-Seiche;
BUS;2_2804;48159068;-1676617;Ricoquais;ricoquais;Saint-Grégoire;
BUS;2_2404;48183055;-1646031;Trégor;tregor;Betton;
BUS;2_2405;48181912;-1641739;Betton Mairie;bettonmairie;Betton;
BUS;2_2402;48179266;-1651129;Omblais;omblais;Betton;
BUS;2_2403;48180663;-1652047;Brocéliande;broceliande;Betton;
BUS;2_2401;48177036;-1651229;Champ Devant;champdevant;Betton;
BUS;2_1567;48106228;-1677501;Charles de Gaulle;charlesdegaulle;Rennes;
BUS;2_1566;48125370;-1692576;Lycée Basch;lyceebasch;Rennes;
BUS;2_1569;48122525;-1715736;Collège Rosa-Parks;collegerosaparks;Rennes;
BUS;2_1568;48121072;-1713520;Kennedy Guyenne;kennedyguyenne;Rennes;
BUS;2_2408;48176233;-1637291;Marronniers;marronniers;Betton;
BUS;2_1563;48109696;-1678183;République;republique;Rennes;
BUS;2_2046;48127332;-1627834;Clos Courtel;closcourtel;Cesson-Sévigné;
BUS;2_2409;48172400;-1637358;Housset;housset;Betton;
BUS;2_2047;48127256;-1624130;Belle Fontaine;bellefontaine;Cesson-Sévigné;
BUS;2_2406;48181198;-1638024;Betton Centre;bettoncentre;Betton;
BUS;2_2048;48124499;-1617669;Cormier;cormier;Cesson-Sévigné;
BUS;2_2407;48180213;-1634878;Haye Renaud Gare;hayerenaudgare;Betton;
BUS;2_1564;48087822;-1674590;Henri Fréville;henrifreville;Rennes;
BUS;2_2049;48124396;-1614078;Les Lacs;leslacs;Cesson-Sévigné;
BUS;2_2812;48150915;-1685808;Forge;forge;Saint-Grégoire;
BUS;2_2054;48123105;-1601917;Métairies Chalotais;metairieschalotais;Cesson-Sévigné;
BUS;2_2811;48151416;-1691336;Cité des Jardins;citedesjardins;Saint-Grégoire;
BUS;2_1570;48098471;-1697530;Cœur de Courrouze;curdecourrouze;Rennes;
BUS;2_2053;48126324;-1599127;Cesson Cimetière;cessoncimetiere;Cesson-Sévigné;
BUS;2_2810;48153668;-1692048;Paul-Emile Victor;paulemilevictor;Saint-Grégoire;
BUS;2_2609;48064081;-1623096;Val d'Orson;valdorson;Vern-sur-Seiche;
BUS;2_1571;48098289;-1699388;Cœur de Courrouze;curdecourrouze;Rennes;
BUS;2_2056;48118497;-1604504;Cesson Mairie;cessonmairie;Cesson-Sévigné;
BUS;2_2608;48059270;-1616597;Bretonnière;bretonniere;Vern-sur-Seiche;
BUS;2_1572;48117983;-1675227;Vincennes;vincennes;Rennes;
BUS;2_2055;48120110;-1602221;Cesson Piscine;cessonpiscine;Cesson-Sévigné;
BUS;2_2607;48052615;-1613906;Haute Abbaye;hauteabbaye;Vern-sur-Seiche;
BUS;2_2050;48120117;-1599273;Cesson Collège;cessoncollege;Cesson-Sévigné;
BUS;2_2606;48050642;-1615038;Solidor;solidor;Vern-sur-Seiche;
BUS;2_2605;48049447;-1609813;Fosse Gauchère;fossegauchere;Vern-sur-Seiche;
BUS;2_2052;48131141;-1596948;Saint-Etienne;saintetienne;Cesson-Sévigné;
BUS;2_2604;48049485;-1606158;Croix Rouge;croixrouge;Vern-sur-Seiche;
BUS;2_2051;48115835;-1600651;Chalotais;chalotais;Cesson-Sévigné;
BUS;2_2603;48044689;-1603982;La Poste;laposte;Vern-sur-Seiche;
BUS;2_2819;48151397;-1685919;Forge;forge;Saint-Grégoire;
BUS;2_2602;48043421;-1601718;Bel Air;belair;Vern-sur-Seiche;
BUS;2_2818;48146870;-1686204;Haut Trait;hauttrait;Saint-Grégoire;
BUS;2_2601;48038523;-1602475;Croix Malinge;croixmalinge;Vern-sur-Seiche;
BUS;2_2817;48143033;-1686504;CHP Saint-Grégoire;chpsaintgregoire;Saint-Grégoire;
BUS;2_2816;48138198;-1686430;La Plesse;laplesse;Saint-Grégoire;
BUS;2_2815;48137210;-1686388;La Plesse;laplesse;Saint-Grégoire;
BUS;2_2814;48142903;-1686584;CHP Saint-Grégoire;chpsaintgregoire;Saint-Grégoire;
BUS;2_2813;48147487;-1686097;Haut Trait;hauttrait;Saint-Grégoire;
BUS;2_3763;48119192;-1761283;Lion d'Or;liondor;Vezin-le-Coquet;
BUS;2_3762;48119181;-1755470;Vezin Centre;vezincentre;Vezin-le-Coquet;
BUS;2_1539;48107231;-1723066;Lemaistre;lemaistre;Rennes;
BUS;2_3765;48120975;-1771673;Haie de Terre;haiedeterre;Vezin-le-Coquet;
BUS;2_3764;48120366;-1765573;Vallée;vallee;Vezin-le-Coquet;
BUS;2_3162;48152582;-1771502;Centre scolaire Pacé;centrescolairepace;Pacé;
BUS;2_1537;48131574;-1691701;Léonard;leonard;Rennes;
BUS;2_3767;48122950;-1755365;Fresnot;fresnot;Vezin-le-Coquet;
BUS;2_3766;48104992;-1740652;Trois Marches;troismarches;Vezin-le-Coquet;
BUS;2_3769;48104213;-1736039;Marais;marais;Vezin-le-Coquet;
BUS;2_3768;48104127;-1735938;Marais;marais;Vezin-le-Coquet;
BUS;2_1532;48127058;-1652737;Joliot-Curie;joliotcurie;Rennes;
BUS;2_2037;48106066;-1625694;Erbonière;erboniere;Cesson-Sévigné;
BUS;2_2038;48114966;-1590601;Haut Grippé;hautgrippe;Cesson-Sévigné;
BUS;2_1530;48128994;-1642728;Zac Saint-Sulpice;zacsaintsulpice;Rennes;
BUS;2_2035;48099618;-1620944;Forum;forum;Cesson-Sévigné;
BUS;2_2036;48101185;-1623961;Bas Village;basvillage;Cesson-Sévigné;
BUS;2_1536;48126805;-1630095;Clos Courtel;closcourtel;Rennes;
BUS;2_1535;48083778;-1672375;Portugal;portugal;Rennes;
BUS;2_1534;48088314;-1674443;Henri Fréville;henrifreville;Rennes;
BUS;2_2039;48114414;-1600444;Bordage;bordage;Cesson-Sévigné;
BUS;2_1533;48087600;-1643462;La Poterie;lapoterie;Rennes;
BUS;2_2041;48120577;-1599489;Cesson Collège;cessoncollege;Cesson-Sévigné;
BUS;2_2040;48116176;-1600465;Chalotais;chalotais;Cesson-Sévigné;
BUS;2_2045;48127348;-1628218;Clos Courtel;closcourtel;Cesson-Sévigné;
BUS;2_2044;48127307;-1624202;Belle Fontaine;bellefontaine;Cesson-Sévigné;
BUS;2_2043;48124315;-1618447;Cormier;cormier;Cesson-Sévigné;
BUS;2_2042;48124685;-1613148;Les Lacs;leslacs;Cesson-Sévigné;
BUS;2_3159;48152373;-1771550;Centre scolaire Pacé;centrescolairepace;Pacé;
BUS;2_3770;48118998;-1749372;Champs Bleus;champsbleus;Vezin-le-Coquet;
BUS;2_3771;48119125;-1749550;Champs Bleus;champsbleus;Vezin-le-Coquet;
BUS;2_3754;48120958;-1772547;Haie de Terre;haiedeterre;Vezin-le-Coquet;
BUS;2_3753;48105750;-1740014;Trois Marches;troismarches;Vezin-le-Coquet;
BUS;2_3752;48104740;-1739061;Trois Marches;troismarches;Vezin-le-Coquet;
BUS;2_3751;48107401;-1739246;ZI Ouest;ziouest;Vezin-le-Coquet;
BUS;2_3758;48118385;-1742494;Tertre;tertre;Vezin-le-Coquet;
BUS;2_3757;48118899;-1756811;Vezin Centre;vezincentre;Vezin-le-Coquet;
BUS;2_3756;48119081;-1761014;Lion d'Or;liondor;Vezin-le-Coquet;
BUS;2_3755;48120264;-1765416;Vallée;vallee;Vezin-le-Coquet;
BUS;2_2024;48118326;-1608419;Muguet;muguet;Cesson-Sévigné;
BUS;2_1540;48109952;-1685190;Pont de Bretagne;pontdebretagne;Rennes;
BUS;2_2025;48121231;-1609952;Maison d'Accueil;maisondaccueil;Cesson-Sévigné;
BUS;2_1543;48131346;-1691835;Léonard;leonard;Rennes;
BUS;2_2026;48122765;-1610840;Mare Pavée;marepavee;Cesson-Sévigné;
BUS;2_3759;48117649;-1731671;Champ Noël;champnoel;Vezin-le-Coquet;
BUS;2_1542;48109972;-1685353;Pont de Bretagne;pontdebretagne;Rennes;
BUS;2_2027;48123491;-1608183;Fontenelle;fontenelle;Cesson-Sévigné;
BUS;2_2028;48123534;-1604095;La Coulée;lacoulee;Cesson-Sévigné;
BUS;2_2029;48123146;-1600628;Bourgchevreuil;bourgchevreuil;Cesson-Sévigné;
BUS;2_2030;48124818;-1596829;Petits Champs;petitschamps;Cesson-Sévigné;
BUS;2_2032;48106497;-1621371;ZI Sud-Est;zisudest;Cesson-Sévigné;
BUS;2_2031;48123913;-1593452;Grand Domaine;granddomaine;Cesson-Sévigné;
BUS;2_2034;48099619;-1621146;Forum;forum;Cesson-Sévigné;
BUS;2_1550;48109697;-1677973;République;republique;Rennes;
BUS;2_2033;48101389;-1623588;Bas Village;basvillage;Cesson-Sévigné;
BUS;2_3760;48117703;-1731003;Champ Noël;champnoel;Vezin-le-Coquet;
BUS;2_3761;48118351;-1741117;Tertre;tertre;Vezin-le-Coquet;
BUS;2_4507;48221782;-1802327;Cheval Blanc;chevalblanc;Gévezé;
BUS;2_4508;48224482;-1800784;Coualeuc;coualeuc;Gévezé;
BUS;2_4509;48224644;-1800449;Coualeuc;coualeuc;Gévezé;
BUS;2_1079;48092742;-1647240;Monsieur Vincent;monsieurvincent;Rennes;
BUS;2_1078;48089885;-1644714;Lycée Descartes;lyceedescartes;Rennes;
BUS;2_3860;48083614;-1815794;Grande Fontaine;grandefontaine;Mordelles;
BUS;2_2330;48024062;-1761669;Rabine;rabine;Bruz;
BUS;2_2331;48021501;-1752341;Noë;noe;Bruz;
BUS;2_1491;48138842;-1658368;Saint-Laurent;saintlaurent;Rennes;
BUS;2_1490;48135934;-1659189;Hôtel de Région;hotelderegion;Rennes;
BUS;2_4502;48221048;-1788746;Gévezé Mairie;gevezemairie;Gévezé;
BUS;2_4503;48218636;-1783995;Flume;flume;Gévezé;
BUS;2_1495;48126638;-1693093;Lycée Basch;lyceebasch;Rennes;
BUS;2_4504;48218304;-1783277;Flume;flume;Gévezé;
BUS;2_1494;48121252;-1702967;Villejean-Université;villejeanuniversite;Rennes;
BUS;2_4505;48220965;-1788118;Gévezé Mairie;gevezemairie;Gévezé;
BUS;2_1493;48127276;-1693365;Lycée Basch;lyceebasch;Rennes;
BUS;2_1492;48133846;-1693868;Grand Quartier;grandquartier;Rennes;
BUS;2_3858;48088220;-1798829;Vivier des Bois;vivierdesbois;Mordelles;
BUS;2_1487;48131413;-1662291;Patton Gast;pattongast;Rennes;
BUS;2_3859;48088117;-1799801;Vivier des Bois;vivierdesbois;Mordelles;
BUS;2_2329;48009162;-1773349;Croix Vaisserelle;croixvaisserelle;Bruz;
BUS;2_1485;48137971;-1658735;Saint-Laurent;saintlaurent;Rennes;
BUS;2_1486;48134827;-1659832;Hôtel de Région;hotelderegion;Rennes;
BUS;2_1080;48095951;-1651585;Calmette;calmette;Rennes;
BUS;2_1489;48132306;-1661588;Patton Gast;pattongast;Rennes;
BUS;2_2322;48029412;-1758011;Vert Buisson;vertbuisson;Bruz;
BUS;2_3851;48074602;-1853676;Mordelles Pâtis;mordellespatis;Mordelles;
BUS;2_2321;48031212;-1759551;Gavrinis;gavrinis;Bruz;
BUS;2_3852;48071941;-1849988;Mordelles Eglise;mordelleseglise;Mordelles;
BUS;2_1081;48098002;-1655346;Bourgeois;bourgeois;Rennes;
BUS;2_2324;48024630;-1757231;Haut Launay;hautlaunay;Bruz;
BUS;2_3853;48073711;-1846424;Mordelles Mairie;mordellesmairie;Mordelles;
BUS;2_1082;48099896;-1657814;Piré;pire;Rennes;
BUS;2_2323;48025641;-1760763;Rabine;rabine;Bruz;
BUS;2_3854;48075840;-1842220;Mordelles Lilas;mordelleslilas;Mordelles;
BUS;2_1087;48106029;-1674101;Champs Libres;champslibres;Rennes;
BUS;2_2326;48034146;-1723785;Doublé;double;Bruz;
BUS;2_3855;48077718;-1837549;Gretay;gretay;Mordelles;
BUS;2_1088;48107448;-1674913;Liberté TNB;libertetnb;Rennes;
BUS;2_2325;48024818;-1750555;Herverie;herverie;Bruz;
BUS;2_3856;48081322;-1826846;Croix Ignon;croixignon;Mordelles;
BUS;2_1085;48104733;-1665656;Laënnec;laennec;Rennes;
BUS;2_2328;48034906;-1724605;Doublé;double;Bruz;
BUS;2_3857;48083969;-1813740;Grande Fontaine;grandefontaine;Mordelles;
BUS;2_1086;48104003;-1672011;Gares;gares;Rennes;
BUS;2_2327;48004829;-1775079;Pont-Réan;pontrean;Bruz;
BUS;2_4112;47985287;-1576095;Corps-Nuds Gare;corpsnudsgare;Corps-Nuds;
BUS;2_2341;48023667;-1736210;Pasteur;pasteur;Bruz;
BUS;2_2342;48020928;-1738253;Du Guesclin;duguesclin;Bruz;
BUS;2_4110;47977763;-1585500;Place de Kildare;placedekildare;Corps-Nuds;
BUS;2_4111;47982599;-1580320;Huberdières;huberdieres;Corps-Nuds;
BUS;2_2340;48026032;-1734541;Bobinais;bobinais;Bruz;
BUS;2_4510;48223615;-1793629;Prés Verts;presverts;Gévezé;
BUS;2_1480;48132028;-1635037;Gaudinais;gaudinais;Rennes;
BUS;2_4511;48223977;-1793770;Prés Verts;presverts;Gévezé;
BUS;2_1481;48129818;-1642410;Zac Saint-Sulpice;zacsaintsulpice;Rennes;
BUS;2_1484;48131859;-1635898;Gaudinais;gaudinais;Rennes;
BUS;2_1483;48129555;-1643586;Zac Saint-Sulpice;zacsaintsulpice;Rennes;
BUS;2_1474;48113515;-1656716;Durafour Strasbourg;durafourstrasbourg;Rennes;
BUS;2_1475;48126958;-1629180;Clos Courtel;closcourtel;Rennes;
BUS;2_3869;48073936;-1853655;Mordelles Pâtis;mordellespatis;Mordelles;
BUS;2_1476;48110287;-1664477;Pont de Châteaudun;pontdechateaudun;Rennes;
BUS;2_1477;48103880;-1672848;Gares;gares;Rennes;
BUS;2_1479;48109863;-1665396;Pont de Châteaudun;pontdechateaudun;Rennes;
BUS;2_1090;48109526;-1677907;République;republique;Rennes;
BUS;2_1091;48109778;-1683882;Place de Bretagne;placedebretagne;Rennes;
BUS;2_3863;48075573;-1842801;Mordelles Lilas;mordelleslilas;Mordelles;
BUS;2_1092;48111766;-1686266;Les Lices;leslices;Rennes;
BUS;2_2335;48026254;-1734528;Bobinais;bobinais;Bruz;
BUS;2_4105;47982052;-1588315;Chêne Hervé;cheneherve;Corps-Nuds;
BUS;2_3864;48073570;-1846774;Mordelles Mairie;mordellesmairie;Mordelles;
BUS;2_1093;48111743;-1689562;Horizons;horizons;Rennes;
BUS;2_2334;48023786;-1736113;Pasteur;pasteur;Bruz;
BUS;2_4104;47979328;-1587905;Corps-Nuds Mairie;corpsnudsmairie;Corps-Nuds;
BUS;2_3861;48081396;-1826812;Croix Ignon;croixignon;Mordelles;
BUS;2_1094;48113096;-1693383;Brest Verdun;brestverdun;Rennes;
BUS;2_2333;48020940;-1738098;Du Guesclin;duguesclin;Bruz;
BUS;2_4103;47977750;-1584909;Place de Kildare;placedekildare;Corps-Nuds;
BUS;2_3862;48077800;-1837327;Gretay;gretay;Mordelles;
BUS;2_1095;48116461;-1690829;La Touche;latouche;Rennes;
BUS;2_2332;48019519;-1745052;Epalet;epalet;Bruz;
BUS;2_1096;48118206;-1689283;Anatole France;anatolefrance;Rennes;
BUS;2_2339;48028374;-1735615;Champ Niguel;champniguel;Bruz;
BUS;2_4109;47979015;-1587837;Corps-Nuds Mairie;corpsnudsmairie;Corps-Nuds;
BUS;2_1097;48121020;-1686804;IUFM;iufm;Rennes;
BUS;2_2338;48033272;-1733046;Lavoisier;lavoisier;Bruz;
BUS;2_4108;47981897;-1588383;Chêne Hervé;cheneherve;Corps-Nuds;
BUS;2_3865;48071851;-1850208;Mordelles Eglise;mordelleseglise;Mordelles;
BUS;2_2337;48032960;-1733095;Lavoisier;lavoisier;Bruz;
BUS;2_1099;48123616;-1683642;Saint-Martin;saintmartin;Rennes;
BUS;2_2336;48030211;-1734460;Champ Niguel;champniguel;Bruz;
BUS;2_4101;47985010;-1576286;Corps-Nuds Gare;corpsnudsgare;Corps-Nuds;
BUS;2_4102;47982403;-1580719;Huberdières;huberdieres;Corps-Nuds;
BUS;2_1057;48105219;-1666129;Laënnec;laennec;Rennes;
BUS;2_1056;48103989;-1672131;Gares;gares;Rennes;
BUS;2_1473;48110699;-1655670;Pont de Strasbourg;pontdestrasbourg;Rennes;
BUS;2_1472;48107144;-1650970;Chardonnet;chardonnet;Rennes;
BUS;2_1471;48103723;-1649471;Cimetière de l'Est;cimetieredelest;Rennes;
BUS;2_1470;48100580;-1650311;Villebois-Mareuil;villeboismareuil;Rennes;
BUS;2_1469;48099269;-1652576;Le Dantec;ledantec;Rennes;
BUS;2_1467;48087558;-1653416;Le Blosne;leblosne;Rennes;
BUS;2_1468;48087413;-1645371;La Poterie;lapoterie;Rennes;
BUS;2_1465;48086117;-1661067;Triangle;triangle;Rennes;
BUS;2_2308;48041337;-1754513;Croix Madame;croixmadame;Bruz;
BUS;2_1466;48085042;-1653902;Hôpital Sud;hopitalsud;Rennes;
BUS;2_2307;48031280;-1759487;Gavrinis;gavrinis;Bruz;
BUS;2_1463;48091363;-1663184;Binquenais Collège;binquenaiscollege;Rennes;
BUS;2_1464;48091339;-1666290;Binquenais;binquenais;Rennes;
BUS;2_2309;48044592;-1746457;Schuman;schuman;Bruz;
BUS;2_1065;48087587;-1643937;La Poterie;lapoterie;Rennes;
BUS;2_2304;48025728;-1760824;Rabine;rabine;Bruz;
BUS;2_1066;48087800;-1638640;Monnet;monnet;Rennes;
BUS;2_2303;48024665;-1757234;Haut Launay;hautlaunay;Bruz;
BUS;2_1063;48092768;-1647497;Monsieur Vincent;monsieurvincent;Rennes;
BUS;2_2306;48033648;-1765838;Cicé Blossac;ciceblossac;Bruz;
BUS;2_1064;48090351;-1645024;Lycée Descartes;lyceedescartes;Rennes;
BUS;2_2305;48029376;-1758008;Vert Buisson;vertbuisson;Bruz;
BUS;2_1061;48097330;-1654331;Bourgeois;bourgeois;Rennes;
BUS;2_1062;48095126;-1650558;Calmette;calmette;Rennes;
BUS;2_2302;48024856;-1750734;Herverie;herverie;Bruz;
BUS;2_1060;48099528;-1657552;Piré;pire;Rennes;
BUS;2_2301;48024528;-1745234;Bruz Centre;bruzcentre;Bruz;
BUS;2_2320;48040336;-1755176;Croix Madame;croixmadame;Bruz;
BUS;2_1068;48092015;-1636425;Gohier;gohier;Rennes;
BUS;2_1067;48089431;-1635418;Bourgueil;bourgueil;Rennes;
BUS;2_1069;48092707;-1639675;Ronceray;ronceray;Rennes;
BUS;2_1460;48089310;-1674264;Argonautes;argonautes;Rennes;
BUS;2_1462;48093496;-1670100;Combes;combes;Rennes;
BUS;2_1461;48093706;-1673899;Clemenceau;clemenceau;Rennes;
BUS;2_1456;48086580;-1687396;Coubertin;coubertin;Rennes;
BUS;2_1457;48086794;-1683889;Norvège;norvege;Rennes;
BUS;2_1458;48082669;-1676919;Alma;alma;Rennes;
BUS;2_1459;48088061;-1674319;Henri Fréville;henrifreville;Rennes;
BUS;2_1452;48089859;-1691064;Bréquigny Piscine;brequignypiscine;Rennes;
BUS;2_1453;48089745;-1693032;Pigeon Blanc;pigeonblanc;Saint-Jacques-de-la-Lande;
BUS;2_1454;48089511;-1691194;Bréquigny Piscine;brequignypiscine;Rennes;
BUS;2_2319;48044541;-1746385;Schuman;schuman;Bruz;
BUS;2_1455;48086731;-1691043;Lycée Bréquigny;lyceebrequigny;Rennes;
BUS;2_1074;48091876;-1636292;Gohier;gohier;Rennes;
BUS;2_2317;48047401;-1742084;Coeur de Campus;coeurdecampus;Bruz;
BUS;2_1075;48089494;-1635437;Bourgueil;bourgueil;Rennes;
BUS;2_2316;48049360;-1740659;Etangs;etangs;Bruz;
BUS;2_1076;48087992;-1638305;Monnet;monnet;Rennes;
BUS;2_2315;48052792;-1738371;Lande du Pont;landedupont;Bruz;
BUS;2_1077;48087440;-1643422;La Poterie;lapoterie;Rennes;
BUS;2_2314;48054909;-1739651;Porte de Ker-Lann;portedekerlann;Bruz;
BUS;2_4373;48014673;-1646004;Le Plessix;leplessix;Saint-Erblon;
BUS;2_1070;48094450;-1637998;CARSAT;carsat;Rennes;
BUS;2_2313;48052728;-1738336;Lande du Pont;landedupont;Bruz;
BUS;2_1071;48096183;-1637019;Haut Sancé;hautsance;Rennes;
BUS;2_2312;48049420;-1740517;Etangs;etangs;Bruz;
BUS;2_1072;48094993;-1637938;CARSAT;carsat;Rennes;
BUS;2_2311;48047263;-1742005;Coeur de Campus;coeurdecampus;Bruz;
BUS;2_1073;48092572;-1639663;Ronceray;ronceray;Rennes;
BUS;2_4160;48107214;-1478469;Saules;saules;Brécé;
BUS;2_4357;48017062;-1664745;Croix du Pigeonnet;croixdupigeonnet;Saint-Erblon;
BUS;2_4162;48108391;-1507733;Turbanière;turbaniere;Brécé;
BUS;2_4356;48017075;-1664586;Croix du Pigeonnet;croixdupigeonnet;Saint-Erblon;
BUS;2_4161;48109019;-1478407;Mainguère;mainguere;Brécé;
BUS;2_4359;48021522;-1653561;Leuzières;leuzieres;Saint-Erblon;
BUS;2_4358;48017674;-1649421;Croix Faucheux;croixfaucheux;Saint-Erblon;
BUS;2_4163;48108292;-1507387;Turbanière;turbaniere;Brécé;
BUS;2_4158;48107593;-1486037;Destiers;destiers;Brécé;
BUS;2_2365;48020489;-1743437;Brossolette;brossolette;Bruz;
BUS;2_4360;48021563;-1653646;Leuzières;leuzieres;Saint-Erblon;
BUS;2_4159;48107480;-1482610;Provence;provence;Brécé;
BUS;2_3616;48183307;-1836179;La Renardière;larenardiere;Parthenay-de-Bretagne;
BUS;2_2366;48026877;-1745504;Aire du 8 Mai;airedu8mai;Bruz;
BUS;2_4361;48017767;-1649577;Croix Faucheux;croixfaucheux;Saint-Erblon;
BUS;2_2367;48033352;-1733601;Anita Conti;anitaconti;Bruz;
BUS;2_4362;48016195;-1651517;Alexandre Gilois;alexandregilois;Saint-Erblon;
BUS;2_4363;48016323;-1651341;Alexandre Gilois;alexandregilois;Saint-Erblon;
BUS;2_3811;47959541;-1637031;Sept Fours;septfours;Bourgbarré;
BUS;2_3810;47959993;-1632426;Moc Souris;mocsouris;Bourgbarré;
BUS;2_3813;47960114;-1631403;Moc Souris;mocsouris;Bourgbarré;
BUS;2_3812;47959561;-1636979;Sept Fours;septfours;Bourgbarré;
BUS;2_3815;47997531;-1618909;Rue de Rennes;ruederennes;Bourgbarré;
BUS;2_3814;47997636;-1619214;Rue de Rennes;ruederennes;Bourgbarré;
BUS;2_3817;48000915;-1594651;Launay Garnier;launaygarnier;Bourgbarré;
BUS;2_3611;48186366;-1816495;Le Reuvre;lereuvre;Parthenay-de-Bretagne;
BUS;2_3816;48000750;-1594489;Launay Garnier;launaygarnier;Bourgbarré;
BUS;2_3613;48191247;-1824356;La Noë;lanoe;Parthenay-de-Bretagne;
BUS;2_4551;48013418;-1590968;Saint-Armel Eglise;saintarmeleglise;Saint-Armel;
BUS;2_3612;48189913;-1820149;Placis de la Touche;placisdelatouche;Parthenay-de-Bretagne;
BUS;2_4552;48013967;-1594269;Saint-Armel Gare;saintarmelgare;Saint-Armel;
BUS;2_3615;48192125;-1831429;Parthenay Mairie;parthenaymairie;Parthenay-de-Bretagne;
BUS;2_4553;48014669;-1598295;Lande du Jardin;landedujardin;Saint-Armel;
BUS;2_3614;48191775;-1827748;Clos des Tilleuls;closdestilleuls;Parthenay-de-Bretagne;
BUS;2_4555;48014024;-1594402;Saint-Armel Gare;saintarmelgare;Saint-Armel;
BUS;2_4554;48014732;-1598404;Lande du Jardin;landedujardin;Saint-Armel;
BUS;2_4153;48107062;-1479142;Saules;saules;Brécé;
BUS;2_4152;48109055;-1478410;Mainguère;mainguere;Brécé;
BUS;2_4151;48109750;-1480972;Anjou;anjou;Brécé;
BUS;2_4157;48109296;-1503274;Pâtis;patis;Brécé;
BUS;2_4156;48109414;-1503015;Pâtis;patis;Brécé;
BUS;2_4155;48107589;-1486145;Destiers;destiers;Brécé;
BUS;2_4154;48107499;-1482926;Provence;provence;Brécé;
BUS;2_4351;48017256;-1660428;Parc d'Activités;parcdactivites;Saint-Erblon;
BUS;2_4354;48017646;-1654457;Paul Féval;paulfeval;Saint-Erblon;
BUS;2_4355;48018835;-1657679;Champ Mulon;champmulon;Saint-Erblon;
BUS;2_4352;48018834;-1657692;Champ Mulon;champmulon;Saint-Erblon;
BUS;2_3822;47990165;-1623504;La Fretais;lafretais;Bourgbarré;
BUS;2_4353;48017662;-1654512;Paul Féval;paulfeval;Saint-Erblon;
BUS;2_2351;48029193;-1719620;Mare de la Salle;maredelasalle;Bruz;
BUS;2_2350;48029348;-1719109;Mare de la Salle;maredelasalle;Bruz;
BUS;2_2353;48023410;-1743109;Victor Hugo;victorhugo;Bruz;
BUS;2_2347;48004716;-1775203;Pont-Réan;pontrean;Bruz;
BUS;2_2348;48023460;-1743334;Victor Hugo;victorhugo;Bruz;
BUS;2_2343;48019578;-1744589;Epalet;epalet;Bruz;
BUS;2_2344;48021593;-1752282;Noë;noe;Bruz;
BUS;2_1299;48127851;-1702908;Olympe de Gouges;olympedegouges;Rennes;
BUS;2_2345;48023834;-1761885;Rabine;rabine;Bruz;
BUS;2_1298;48125591;-1703071;IRTS;irts;Rennes;
BUS;2_2346;48008570;-1773786;Croix Vaisserelle;croixvaisserelle;Bruz;
BUS;2_2361;48024427;-1744836;Bruz Centre;bruzcentre;Bruz;
BUS;2_2360;48024949;-1745097;Bruz Centre;bruzcentre;Bruz;
BUS;2_3802;47994880;-1614269;Bourgbarré Mairie;bourgbarremairie;Bourgbarré;
BUS;2_3801;47990095;-1613829;Centre de Loisirs;centredeloisirs;Bourgbarré;
BUS;2_2359;48035716;-1723307;Doublé;double;Bruz;
BUS;2_3606;48186357;-1816494;Le Reuvre;lereuvre;Parthenay-de-Bretagne;
BUS;2_3605;48190004;-1820791;Placis de la Touche;placisdelatouche;Parthenay-de-Bretagne;
BUS;2_3604;48191300;-1824590;La Noë;lanoe;Parthenay-de-Bretagne;
BUS;2_3809;47994761;-1614103;Bourgbarré Mairie;bourgbarremairie;Bourgbarré;
BUS;2_3603;48191696;-1827255;Clos des Tilleuls;closdestilleuls;Parthenay-de-Bretagne;
BUS;2_3808;47995903;-1617666;La Motte;lamotte;Bourgbarré;
BUS;2_3602;48192069;-1831243;Parthenay Mairie;parthenaymairie;Parthenay-de-Bretagne;
BUS;2_3807;47995123;-1623735;La Basse Erable;labasseerable;Bourgbarré;
BUS;2_3601;48183478;-1835737;La Renardière;larenardiere;Parthenay-de-Bretagne;
BUS;2_3806;47994426;-1631357;Perelle;perelle;Bourgbarré;
BUS;2_1497;48121024;-1703001;Villejean-Université;villejeanuniversite;Rennes;
BUS;2_3805;47994501;-1631524;Perelle;perelle;Bourgbarré;
BUS;2_1496;48132294;-1709701;Lande du Breil;landedubreil;Rennes;
BUS;2_3804;47995140;-1624234;La Basse Erable;labasseerable;Bourgbarré;
BUS;2_1499;48116260;-1715957;Colin;colin;Rennes;
BUS;2_3803;47996073;-1617237;La Motte;lamotte;Bourgbarré;
BUS;2_1498;48116581;-1723902;Petit Champeaux;petitchampeaux;Rennes;
BUS;2_1276;48099705;-1686246;Foyer Rennais;foyerrennais;Rennes;
BUS;2_1277;48102168;-1684163;Pont de Nantes;pontdenantes;Rennes;
BUS;2_1278;48117094;-1677867;Hôtel Dieu;hoteldieu;Rennes;
BUS;2_1279;48119464;-1674483;Rectorat;rectorat;Rennes;
BUS;2_4322;48125471;-1815497;L'Hermitage Centre (ex L'Hermitage Eglise);lhermitagecentreexlhermitageeglise;L'Hermitage;
BUS;2_1280;48121419;-1670873;Jules Ferry;julesferry;Rennes;
BUS;2_4315;48122948;-1802308;Noë Biche;noebiche;L'Hermitage;
BUS;2_1282;48126615;-1665332;Gros Chêne;groschene;Rennes;
BUS;2_1281;48125284;-1666368;Volney;volney;Rennes;
BUS;2_1284;48131050;-1664400;Houx Cité U.;houxciteu;Rennes;
BUS;2_1283;48128791;-1663837;Rochester;rochester;Rennes;
BUS;2_4316;48122835;-1801341;Noë Biche;noebiche;L'Hermitage;
BUS;2_1286;48132709;-1672343;Bellangerais;bellangerais;Rennes;
BUS;2_1285;48132778;-1667598;Morbihan;morbihan;Rennes;
BUS;2_5036;48086555;-1667712;Italie;italie;Rennes;
BUS;2_1289;48136585;-1667568;Monts d'Arrée;montsdarree;Rennes;
BUS;2_1287;48134916;-1672834;Condate;condate;Rennes;
BUS;2_1288;48136685;-1670742;Neruda;neruda;Rennes;
BUS;2_1010;48119175;-1667659;Guéhenno;guehenno;Rennes;
BUS;2_1011;48118305;-1671203;Fac de Droit;facdedroit;Rennes;
BUS;2_4311;48122900;-1820938;Hautière;hautiere;L'Hermitage;
BUS;2_4310;48123735;-1817918;L'Hermitage Gare;lhermitagegare;L'Hermitage;
BUS;2_4301;48122992;-1821755;Hautière;hautiere;L'Hermitage;
BUS;2_1293;48109921;-1698633;Guilloux;guilloux;Rennes;
BUS;2_1004;48125288;-1642537;Donzelot;donzelot;Rennes;
BUS;2_4302;48118893;-1822579;CAT La Hautière;catlahautiere;L'Hermitage;
BUS;2_1292;48121450;-1638148;Beaulieu Restau. U.;beaulieurestauu;Rennes;
BUS;2_1003;48127441;-1640290;Gallets;gallets;Rennes;
BUS;2_4303;48123849;-1817794;L'Hermitage Gare;lhermitagegare;L'Hermitage;
BUS;2_1291;48124754;-1633884;IUT;iut;Rennes;
BUS;2_1002;48128266;-1637656;Bouzat;bouzat;Rennes;
BUS;2_4304;48125515;-1816060;L'Hermitage Centre (ex L'Hermitage Eglise);lhermitagecentreexlhermitageeglise;L'Hermitage;
BUS;2_1290;48126886;-1629544;Clos Courtel;closcourtel;Rennes;
BUS;2_1001;48129037;-1632507;Longs Champs;longschamps;Rennes;
BUS;2_4305;48124643;-1811591;Village;village;L'Hermitage;
BUS;2_1297;48121804;-1703784;Villejean-Université;villejeanuniversite;Rennes;
BUS;2_1008;48123174;-1660244;Painlevé;painleve;Rennes;
BUS;2_4306;48123209;-1806304;Clairefontaine;clairefontaine;L'Hermitage;
BUS;2_1296;48119285;-1704555;Université;universite;Rennes;
BUS;2_1007;48121418;-1655058;Assomption;assomption;Rennes;
BUS;2_4307;48123461;-1807439;Clairefontaine;clairefontaine;L'Hermitage;
BUS;2_1295;48116739;-1704638;Berger;berger;Rennes;
BUS;2_1006;48122262;-1650695;Turmel;turmel;Rennes;
BUS;2_4308;48124995;-1812903;Village;village;L'Hermitage;
BUS;2_1294;48111407;-1701364;Marbeuf;marbeuf;Rennes;
BUS;2_1005;48123127;-1646830;Mirabeau;mirabeau;Rennes;
BUS;2_1009;48121624;-1663177;Metz Volney;metzvolney;Rennes;
BUS;2_1258;48130808;-1663907;Houx Cité U.;houxciteu;Rennes;
BUS;2_1259;48128005;-1664575;Rochester;rochester;Rennes;
BUS;2_1254;48136753;-1671058;Neruda;neruda;Rennes;
BUS;2_1255;48134550;-1672977;Condate;condate;Rennes;
BUS;2_1256;48132642;-1671758;Bellangerais;bellangerais;Rennes;
BUS;2_1257;48132695;-1667572;Morbihan;morbihan;Rennes;
BUS;2_1262;48121471;-1670918;Jules Ferry;julesferry;Rennes;
BUS;2_1261;48125281;-1666664;Volney;volney;Rennes;
BUS;2_1264;48102114;-1684387;Pont de Nantes;pontdenantes;Rennes;
BUS;2_1263;48119636;-1674229;Rectorat;rectorat;Rennes;
BUS;2_1260;48126702;-1665383;Gros Chêne;groschene;Rennes;
BUS;2_1269;48084239;-1692072;Lycée Bréquigny;lyceebrequigny;Rennes;
BUS;2_1267;48085735;-1693903;Félix Eboué;felixeboue;Rennes;
BUS;2_1268;48083763;-1693604;Boberil;boberil;Rennes;
BUS;2_1265;48099789;-1687087;Foyer Rennais;foyerrennais;Rennes;
BUS;2_1266;48097089;-1689028;Mermoz;mermoz;Rennes;
BUS;2_1275;48097458;-1688590;Mermoz;mermoz;Rennes;
BUS;2_1274;48095031;-1690002;Pilate;pilate;Rennes;
BUS;2_1273;48092690;-1691275;Saint-Yves;saintyves;Rennes;
BUS;2_1270;48085783;-1694045;Félix Eboué;felixeboue;Rennes;
BUS;2_1233;48107044;-1721878;Lemaistre;lemaistre;Rennes;
BUS;2_1232;48106256;-1723745;Le Hô;leho;Rennes;
BUS;2_1235;48108926;-1709771;Géniaux;geniaux;Rennes;
BUS;2_1040;48130060;-1684335;Donelière;doneliere;Rennes;
BUS;2_1234;48107758;-1714848;Stade Rennais;staderennais;Rennes;
BUS;2_1237;48107736;-1702114;Papeteries;papeteries;Rennes;
BUS;2_1042;48124420;-1681788;Cimetière Nord;cimetierenord;Rennes;
BUS;2_1236;48108813;-1705615;Kerviler;kerviler;Rennes;
BUS;2_1041;48128841;-1683715;Trois Croix;troiscroix;Rennes;
BUS;2_1239;48108142;-1694868;Chèques Postaux;chequespostaux;Rennes;
BUS;2_1044;48122248;-1685850;IUFM;iufm;Rennes;
BUS;2_1238;48108695;-1698847;Guilloux Lorient;guillouxlorient;Rennes;
BUS;2_1043;48123594;-1684178;Saint-Martin;saintmartin;Rennes;
BUS;2_1034;48122219;-1650618;Turmel;turmel;Rennes;
BUS;2_1035;48123701;-1645292;Mirabeau;mirabeau;Rennes;
BUS;2_1036;48125538;-1642128;Donzelot;donzelot;Rennes;
BUS;2_1037;48127740;-1640020;Gallets;gallets;Rennes;
BUS;2_1038;48128263;-1637265;Bouzat;bouzat;Rennes;
BUS;2_1240;48109271;-1689707;Le Mail;lemail;Rennes;
BUS;2_1039;48129016;-1632430;Longs Champs;longschamps;Rennes;
BUS;2_1242;48109803;-1679521;République;republique;Rennes;
BUS;2_1246;48104395;-1649341;Cimetière de l'Est;cimetieredelest;Rennes;
BUS;2_1051;48109858;-1683279;Place de Bretagne;placedebretagne;Rennes;
BUS;2_1245;48103136;-1652504;Serpette;serpette;Rennes;
BUS;2_1050;48111736;-1687017;Les Lices;leslices;Rennes;
BUS;2_1244;48102292;-1655131;Mouézy;mouezy;Rennes;
BUS;2_1243;48102548;-1661118;Croix Saint-Hélier;croixsainthelier;Rennes;
BUS;2_1055;48105335;-1673892;Champs Libres;champslibres;Rennes;
BUS;2_1249;48103559;-1634652;Pré Garel;pregarel;Rennes;
BUS;2_1054;48107550;-1675084;Liberté TNB;libertetnb;Rennes;
BUS;2_1248;48103985;-1635982;Saint-Saëns;saintsaens;Rennes;
BUS;2_1247;48104910;-1643828;Pavie;pavie;Rennes;
BUS;2_1052;48109893;-1678874;République;republique;Rennes;
BUS;2_1047;48116177;-1691167;La Touche;latouche;Rennes;
BUS;2_1048;48113345;-1693459;Brest Verdun;brestverdun;Rennes;
BUS;2_1046;48118222;-1689352;Anatole France;anatolefrance;Rennes;
BUS;2_1252;48138767;-1665957;Patton;patton;Rennes;
BUS;2_1253;48136660;-1667508;Monts d'Arrée;montsdarree;Rennes;
BUS;2_1250;48099788;-1631294;Tremblaie;tremblaie;Rennes;
BUS;2_1049;48111683;-1689489;Horizons;horizons;Rennes;
BUS;2_1251;48097078;-1629132;Veyettes;veyettes;Rennes;
BUS;2_1020;48097393;-1689562;Mermoz;mermoz;Rennes;
BUS;2_1214;48109901;-1679666;République;republique;Rennes;
BUS;2_1217;48108451;-1693643;Chèques Postaux;chequespostaux;Rennes;
BUS;2_1022;48106228;-1680809;Plélo Colombier;plelocolombier;Rennes;
BUS;2_1216;48109188;-1690305;Le Mail;lemail;Rennes;
BUS;2_1021;48105506;-1683880;Cité Judiciaire;citejudiciaire;Rennes;
BUS;2_1211;48103176;-1652512;Serpette;serpette;Rennes;
BUS;2_1210;48104291;-1649696;Cimetière de l'Est;cimetieredelest;Rennes;
BUS;2_1213;48102871;-1661439;Croix Saint-Hélier;croixsainthelier;Rennes;
BUS;2_1212;48101912;-1656525;Mouézy;mouezy;Rennes;
BUS;2_1219;48108247;-1703761;Papeteries;papeteries;Rennes;
BUS;2_1218;48109101;-1697955;Guilloux Lorient;guillouxlorient;Rennes;
BUS;2_1016;48110072;-1680167;République Nemours;republiquenemours;Rennes;
BUS;2_1017;48108348;-1680175;Les Halles;leshalles;Rennes;
BUS;2_1018;48106047;-1681600;Plélo Colombier;plelocolombier;Rennes;
BUS;2_1220;48109143;-1706384;Kerviler;kerviler;Rennes;
BUS;2_1019;48105157;-1684710;Cité Judiciaire;citejudiciaire;Rennes;
BUS;2_1012;48116180;-1674098;Sévigné;sevigne;Rennes;
BUS;2_1014;48113711;-1679035;Sainte-Anne;sainteanne;Rennes;
BUS;2_1015;48112521;-1680316;Champ Jacquet;champjacquet;Rennes;
BUS;2_1033;48121323;-1654993;Assomption;assomption;Rennes;
BUS;2_1032;48123318;-1659328;Painlevé;painleve;Rennes;
BUS;2_1226;48101223;-1731694;Servigné;servigne;Rennes;
BUS;2_1031;48122004;-1662241;Metz Volney;metzvolney;Rennes;
BUS;2_1225;48102182;-1726235;Jardin Moderne;jardinmoderne;Rennes;
BUS;2_1030;48119478;-1666851;Guéhenno;guehenno;Rennes;
BUS;2_1224;48103064;-1723353;Robinot de St Cyr;robinotdestcyr;Rennes;
BUS;2_1223;48106221;-1723830;Le Hô;leho;Rennes;
BUS;2_1222;48108073;-1713961;Stade Rennais;staderennais;Rennes;
BUS;2_1221;48108865;-1710613;Géniaux;geniaux;Rennes;
BUS;2_1229;48101181;-1731627;Servigné;servigne;Rennes;
BUS;2_1230;48102109;-1726914;Jardin Moderne;jardinmoderne;Rennes;
BUS;2_1029;48118319;-1669697;Fac de Droit;facdedroit;Rennes;
BUS;2_1231;48103281;-1723332;Robinot de St Cyr;robinotdestcyr;Rennes;
BUS;2_1027;48117231;-1677368;Hôtel Dieu;hoteldieu;Rennes;
BUS;2_1028;48117506;-1673609;Sévigné;sevigne;Rennes;
BUS;2_1025;48112735;-1680258;Champ Jacquet;champjacquet;Rennes;
BUS;2_1026;48114784;-1679278;Sainte-Anne;sainteanne;Rennes;
BUS;2_1023;48107981;-1680115;Les Halles;leshalles;Rennes;
BUS;2_1024;48109978;-1680212;République Nemours;republiquenemours;Rennes;
BIKE;75;48132100;-1635280;Zac Saint Sulpice;zacsaintsulpice;;
BIKE;52;48121075;-1704122;Villejean-Universite;villejeanuniversite;;
BIKE;81;48122475;-1651089;Turmel;turmel;;
BIKE;12;48107697;-1673695;Tnb;tnb;;
BIKE;71;48094994;-1663705;Ste Therese;stetherese;;
BIKE;5;48114510;-1680984;Sainte Anne;sainteanne;;
BIKE;9;48112385;-1674417;Saint Georges;saintgeorges;;
BIKE;23;48106663;-1686713;Rotonde;rotonde;;
BIKE;1;48109990;-1678027;Republique;republique;;
BIKE;8;48119396;-1674450;Rectorat;rectorat;;
BIKE;55;48128407;-1693916;Prefecture;prefecture;;
BIKE;39;48121490;-1692816;Pontchaillou (Metro);pontchailloumetro;;
BIKE;42;48109756;-1656451;Pont de Strasbourg;pontdestrasbourg;;
BIKE;20;48102016;-1683961;Pont de Nantes;pontdenantes;;
BIKE;35;48110310;-1663955;Pont de Chateaudun;pontdechateaudun;;
BIKE;19;48105907;-1681306;Plelo Colombier;plelocolombier;;
BIKE;4;48115074;-1677062;Place Hoche;placehoche;;
BIKE;24;48109657;-1684020;Place de Bretagne;placedebretagne;;
BIKE;59;48134563;-1651560;Piscine Gayeulles;piscinegayeulles;;
BIKE;66;48089664;-1690234;Piscine Brequigny;piscinebrequigny;;
BIKE;40;48103497;-1662321;Pierre Martin;pierremartin;;
BIKE;36;48110115;-1670039;Paul Bert;paulbert;;
BIKE;80;48123020;-1660502;Painleve;painleve;;
BIKE;25;48110294;-1683107;Office de Tourisme;officedetourisme;;
BIKE;22;48113510;-1661840;Oberthur;oberthur;;
BIKE;10;48109573;-1674072;Musee Beaux Arts;museebeauxarts;;
BIKE;46;48112038;-1645745;Moulin de Joue;moulindejoue;;
BIKE;76;48136700;-1666673;Monts d'Arree;montsdarree;;
BIKE;44;48115967;-1658260;Metz Sevigne;metzsevigne;;
BIKE;70;48097942;-1688113;Mermoz;mermoz;;
BIKE;38;48111725;-1702033;Marbeuf;marbeuf;;
BIKE;31;48105240;-1698107;Voltaire;voltaire;;
BIKE;2;48111626;-1678745;Mairie;mairie;;
BIKE;65;48084777;-1691933;Lycee Brequigny;lyceebrequigny;;
BIKE;11;48107513;-1678163;Liberte;liberte;;
BIKE;26;48112766;-1685036;Les Lices;leslices;;
BIKE;21;48107660;-1680087;Les Halles;leshalles;;
BIKE;14;48106850;-1665818;Laennec;laennec;;
BIKE;32;48116608;-1690943;la Touche;latouche;;
BIKE;58;48125570;-1710290;la Harpe;laharpe;;
BIKE;29;48121384;-1671111;Jules Ferry;julesferry;;
BIKE;53;48121530;-1711088;jf Kennedy;jfkennedy;;
BIKE;61;48097534;-1674305;Jacques Cartier;jacquescartier;;
BIKE;64;48086770;-1667567;Italie;italie;;
BIKE;77;48130510;-1663130;Houx Cite u;houxciteu;;
BIKE;6;48117596;-1677851;Hotel Dieu;hoteldieu;;
BIKE;27;48112060;-1688515;Horizons;horizons;;
BIKE;63;48087296;-1674850;Henri Freville;henrifreville;;
BIKE;78;48126823;-1665083;Gros Chene;groschene;;
BIKE;73;48108936;-1709452;Geniaux;geniaux;;
BIKE;79;48131290;-1656476;Gast;gast;;
BIKE;45;48102257;-1673103;Gares (Sud);garessud;;
BIKE;15;48104088;-1672139;Gares (Nord);garesnord;;
BIKE;7;48118170;-1670735;Fac de Droit;facdedroit;;
BIKE;30;48119530;-1667023;Guéhenno;guehenno;;
BIKE;13;48117214;-1682698;Dinan;dinan;;
BIKE;74;48100910;-1707072;de Lesseps;delesseps;;
BIKE;18;48105118;-1678678;Dalle du Colombier;dalleducolombier;;
BIKE;60;48128803;-1698018;Cucille;cucille;;
BIKE;72;48104210;-1712630;Cleunay;cleunay;;
BIKE;62;48093291;-1674116;Clemenceau;clemenceau;;
BIKE;43;48104816;-1684110;Cite Judiciaire;citejudiciaire;;
BIKE;41;48104330;-1650099;Cimetiere Est;cimetiereest;;
BIKE;28;48108880;-1693359;Cheques Postaux;chequespostaux;;
BIKE;17;48105110;-1677122;Charles de Gaulle;charlesdegaulle;;
BIKE;69;48091145;-1682269;Champs Manceaux;champsmanceaux;;
BIKE;16;48105530;-1674394;Champs Libres;champslibres;;
BIKE;3;48112804;-1680054;Champs Jacquet;champsjacquet;;
BIKE;34;48113014;-1693273;Brest Verdun;brestverdun;;
BIKE;51;48128730;-1635132;Bouzat;bouzat;;
BIKE;67;48091568;-1667300;Binquenais;binquenais;;
BIKE;56;48116290;-1705127;Berger;berger;;
BIKE;48;48121950;-1638313;Beaulieu Restau u.;beaulieurestauu;;
BIKE;50;48118954;-1635186;Beaulieu Insa;beaulieuinsa;;
BIKE;47;48116455;-1633916;Beaulieu Chimie;beaulieuchimie;;
BIKE;49;48117950;-1642867;Beaulieu Bois Perrin;beaulieuboisperrin;;
BIKE;37;48120857;-1681836;Auberge de Jeunesse;aubergedejeunesse;;
BIKE;57;48116070;-1713711;Atalante Champeaux;atalantechampeaux;;
BIKE;33;48117985;-1686405;Anatole France;anatolefrance;;
BIKE;68;48082397;-1677634;Alma;alma;;
BIKE;83;48092785;-1640450;Ronceray;ronceray;;
BIKE;82;48087320;-1644117;Poterie;poterie;;
BIKE;54;48119316;-1691517;Pontchaillou (Ter);pontchaillouter;;
SUBWAY;ANF;48118120;-1687540;Anatole France;anatolefrance;;
SUBWAY;BLO;48087740;-1654270;le Blosne;leblosne;;
SUBWAY;CDG;48105500;-1676990;Charles de Gaulle;charlesdegaulle;;
SUBWAY;GAR;48103790;-1672190;Gares;gares;;
SUBWAY;GCL;48093500;-1674390;Clemenceau;clemenceau;;
SUBWAY;HFR;48087700;-1674830;Henri Fréville;henrifreville;;
SUBWAY;ITA;48086560;-1667920;Italie;italie;;
SUBWAY;JCA;48097660;-1675560;Jacques Cartier;jacquescartier;;
SUBWAY;JFK;48121320;-1711460;j.f. Kennedy;jfkennedy;;
SUBWAY;PON;48121540;-1693380;Pontchaillou;pontchaillou;;
SUBWAY;POT;48087490;-1644570;la Poterie;lapoterie;;
SUBWAY;REP;48109720;-1679180;République;republique;;
SUBWAY;STA;48114430;-1680400;Sainte-Anne;sainteanne;;
SUBWAY;TRI;48086490;-1660470;Triangle;triangle;;
SUBWAY;VU;48121250;-1703950;Villejean-Université;villejeanuniversite;;
